artist_id,name,genres,popularity,followers,spotify_uri,spotify_url
4UpA1KitN1RgIZVyWDbZ0U,DOMi & JD BECK,,,,spotify:artist:4UpA1KitN1RgIZVyWDbZ0U,https://open.spotify.com/artist/4UpA1KitN1RgIZVyWDbZ0U
7HfUJxeVTgrvhk0eWHFzV7,underscores,,,,spotify:artist:7HfUJxeVTgrvhk0eWHFzV7,https://open.spotify.com/artist/7HfUJxeVTgrvhk0eWHFzV7
079svMEXkbT5nGU2kfoqO2,God Is An Astronaut,,,,spotify:artist:079svMEXkbT5nGU2kfoqO2,https://open.spotify.com/artist/079svMEXkbT5nGU2kfoqO2
6KWKXUiNss7StAqPsjDToB,Javier Vazquez,,,,spotify:artist:6KWKXUiNss7StAqPsjDToB,https://open.spotify.com/artist/6KWKXUiNss7StAqPsjDToB
2te8VJxgUxcElC8Uq6eJs6,Cibo Matto,,,,spotify:artist:2te8VJxgUxcElC8Uq6eJs6,https://open.spotify.com/artist/2te8VJxgUxcElC8Uq6eJs6
7tmTvmqgTBcX88ZrSHByrD,nayt,,,,spotify:artist:7tmTvmqgTBcX88ZrSHByrD,https://open.spotify.com/artist/7tmTvmqgTBcX88ZrSHByrD
34AMiSMNdLIBS0NapVfzLz,Rok.wav,,,,spotify:artist:34AMiSMNdLIBS0NapVfzLz,https://open.spotify.com/artist/34AMiSMNdLIBS0NapVfzLz
3SAZh4k4iDPFngB60QKpxg,okgiorgio,,,,spotify:artist:3SAZh4k4iDPFngB60QKpxg,https://open.spotify.com/artist/3SAZh4k4iDPFngB60QKpxg
2gW0M5fn2r7Lo4Hn1r8HZ5,Creeds,,,,spotify:artist:2gW0M5fn2r7Lo4Hn1r8HZ5,https://open.spotify.com/artist/2gW0M5fn2r7Lo4Hn1r8HZ5
0WCo84qtCKfbyIf1lqQWB4,Geese,,,,spotify:artist:0WCo84qtCKfbyIf1lqQWB4,https://open.spotify.com/artist/0WCo84qtCKfbyIf1lqQWB4
3MekbRujJg5VZThubOlrkR,Ninajirachi,,,,spotify:artist:3MekbRujJg5VZThubOlrkR,https://open.spotify.com/artist/3MekbRujJg5VZThubOlrkR
6GGkEuZHoNpJsKYNZml2gL,THÉA,,,,spotify:artist:6GGkEuZHoNpJsKYNZml2gL,https://open.spotify.com/artist/6GGkEuZHoNpJsKYNZml2gL
6uothxMWeLWIhsGeF7cyo4,Enya,,,,spotify:artist:6uothxMWeLWIhsGeF7cyo4,https://open.spotify.com/artist/6uothxMWeLWIhsGeF7cyo4
4UvhuGdFf75Cfan7lEU1J1,The Books,,,,spotify:artist:4UvhuGdFf75Cfan7lEU1J1,https://open.spotify.com/artist/4UvhuGdFf75Cfan7lEU1J1
4I2BJf80C0skQpp1sQmA0h,Belle and Sebastian,,,,spotify:artist:4I2BJf80C0skQpp1sQmA0h,https://open.spotify.com/artist/4I2BJf80C0skQpp1sQmA0h
70EQNEibJfmCE7J5k4t1JI,Massimo Silverio,,,,spotify:artist:70EQNEibJfmCE7J5k4t1JI,https://open.spotify.com/artist/70EQNEibJfmCE7J5k4t1JI
7aHh1erN0CVFVwDd7oG26M,Bumloco,,,,spotify:artist:7aHh1erN0CVFVwDd7oG26M,https://open.spotify.com/artist/7aHh1erN0CVFVwDd7oG26M
2gAch0mLs2isygfDZvfmav,TROE,,,,spotify:artist:2gAch0mLs2isygfDZvfmav,https://open.spotify.com/artist/2gAch0mLs2isygfDZvfmav
26rDnlXGp18EMtbgV7OwsW,Queen of Saba,,,,spotify:artist:26rDnlXGp18EMtbgV7OwsW,https://open.spotify.com/artist/26rDnlXGp18EMtbgV7OwsW
7F0wzg6BIXNOSrh8ixhobj,LA NIÑA,,,,spotify:artist:7F0wzg6BIXNOSrh8ixhobj,https://open.spotify.com/artist/7F0wzg6BIXNOSrh8ixhobj
2ZofT7n9AlTKf7KDCoHGgD,Luiz Gonzaga,,,,spotify:artist:2ZofT7n9AlTKf7KDCoHGgD,https://open.spotify.com/artist/2ZofT7n9AlTKf7KDCoHGgD
5KVUHVqS6B5MZKXf5PXDg1,faccianuvola,,,,spotify:artist:5KVUHVqS6B5MZKXf5PXDg1,https://open.spotify.com/artist/5KVUHVqS6B5MZKXf5PXDg1
7d1ctWXfrUvAe804Zld3Gy,Yoa,,,,spotify:artist:7d1ctWXfrUvAe804Zld3Gy,https://open.spotify.com/artist/7d1ctWXfrUvAe804Zld3Gy
7rlAAAiWScpsT1hmgURAmh,SPELLLING,,,,spotify:artist:7rlAAAiWScpsT1hmgURAmh,https://open.spotify.com/artist/7rlAAAiWScpsT1hmgURAmh
3XHO7cRUPCLOr6jwp8vsx5,alt-J,,,,spotify:artist:3XHO7cRUPCLOr6jwp8vsx5,https://open.spotify.com/artist/3XHO7cRUPCLOr6jwp8vsx5
3luonLzvSOxdU8ytCaEIK8,IC3PEAK,,,,spotify:artist:3luonLzvSOxdU8ytCaEIK8,https://open.spotify.com/artist/3luonLzvSOxdU8ytCaEIK8
7tYKF4w9nC0nq9CsPZTHyP,SZA,,,,spotify:artist:7tYKF4w9nC0nq9CsPZTHyP,https://open.spotify.com/artist/7tYKF4w9nC0nq9CsPZTHyP
55Aa2cqylxrFIXC767Z865,Lil Wayne,,,,spotify:artist:55Aa2cqylxrFIXC767Z865,https://open.spotify.com/artist/55Aa2cqylxrFIXC767Z865
3koHmmPvpgZWHcVmK8AKDq,HVDES,,,,spotify:artist:3koHmmPvpgZWHcVmK8AKDq,https://open.spotify.com/artist/3koHmmPvpgZWHcVmK8AKDq
43JlwunhXm1oqdKyOa2Z9Y,Hiatus Kaiyote,,,,spotify:artist:43JlwunhXm1oqdKyOa2Z9Y,https://open.spotify.com/artist/43JlwunhXm1oqdKyOa2Z9Y
7LCDnUQYE07fnKbo46SVLB,Iglooghost,,,,spotify:artist:7LCDnUQYE07fnKbo46SVLB,https://open.spotify.com/artist/7LCDnUQYE07fnKbo46SVLB
1r43wW70tnGUauQYvY5w48,BENNETT,,,,spotify:artist:1r43wW70tnGUauQYvY5w48,https://open.spotify.com/artist/1r43wW70tnGUauQYvY5w48
69MMxHqVrnseX3kCmA58S7,Drink Chocolate,,,,spotify:artist:69MMxHqVrnseX3kCmA58S7,https://open.spotify.com/artist/69MMxHqVrnseX3kCmA58S7
11aa081aKYUzmeFm0yHdT2,S3RL,,,,spotify:artist:11aa081aKYUzmeFm0yHdT2,https://open.spotify.com/artist/11aa081aKYUzmeFm0yHdT2
0auP293abZeTWwMUi3fZw2,horsegiirL,,,,spotify:artist:0auP293abZeTWwMUi3fZw2,https://open.spotify.com/artist/0auP293abZeTWwMUi3fZw2
1O9iHQjrVuiAYOJFCBeFSl,serpentwithfeet,,,,spotify:artist:1O9iHQjrVuiAYOJFCBeFSl,https://open.spotify.com/artist/1O9iHQjrVuiAYOJFCBeFSl
5HA5aLY3jJV7eimXWkRBBp,Epica,,,,spotify:artist:5HA5aLY3jJV7eimXWkRBBp,https://open.spotify.com/artist/5HA5aLY3jJV7eimXWkRBBp
4G5ZJny3HvX6Il7eHVfnNC,Fatoumata Diawara,,,,spotify:artist:4G5ZJny3HvX6Il7eHVfnNC,https://open.spotify.com/artist/4G5ZJny3HvX6Il7eHVfnNC
5hBCfYFEDK8otrksMYuzoL,Parno Graszt,,,,spotify:artist:5hBCfYFEDK8otrksMYuzoL,https://open.spotify.com/artist/5hBCfYFEDK8otrksMYuzoL
6urkHDoIVO1WO8vNIwcJmM,Die Antwoord,,,,spotify:artist:6urkHDoIVO1WO8vNIwcJmM,https://open.spotify.com/artist/6urkHDoIVO1WO8vNIwcJmM
5VTWoYYizcOY3uIKnxeCGI,La Femme,,,,spotify:artist:5VTWoYYizcOY3uIKnxeCGI,https://open.spotify.com/artist/5VTWoYYizcOY3uIKnxeCGI
3Q2RrKEOBdkWI2MJQgdt84,Lingua Ignota,,,,spotify:artist:3Q2RrKEOBdkWI2MJQgdt84,https://open.spotify.com/artist/3Q2RrKEOBdkWI2MJQgdt84
4yk43MhqPWsrrzoRyoMZhv,galen tipton,,,,spotify:artist:4yk43MhqPWsrrzoRyoMZhv,https://open.spotify.com/artist/4yk43MhqPWsrrzoRyoMZhv
0cmWgDlu9CwTgxPhf403hb,Bonobo,,,,spotify:artist:0cmWgDlu9CwTgxPhf403hb,https://open.spotify.com/artist/0cmWgDlu9CwTgxPhf403hb
3ypTgZWVLSkBaTjFNjSDE8,ultra caro,,,,spotify:artist:3ypTgZWVLSkBaTjFNjSDE8,https://open.spotify.com/artist/3ypTgZWVLSkBaTjFNjSDE8
28meEMqGpDrolyQ9OVoDAH,Kælan Mikla,,,,spotify:artist:28meEMqGpDrolyQ9OVoDAH,https://open.spotify.com/artist/28meEMqGpDrolyQ9OVoDAH
63yrD80RY3RNEM2YDpUpO8,Melanie Martinez,,,,spotify:artist:63yrD80RY3RNEM2YDpUpO8,https://open.spotify.com/artist/63yrD80RY3RNEM2YDpUpO8
3NoAERCAeMG0EOGpbpdYLm,Unicorn On Ketamine,,,,spotify:artist:3NoAERCAeMG0EOGpbpdYLm,https://open.spotify.com/artist/3NoAERCAeMG0EOGpbpdYLm
1pNs3qwMBJ0q4lyASth9Ye,MGNA Crrrta,,,,spotify:artist:1pNs3qwMBJ0q4lyASth9Ye,https://open.spotify.com/artist/1pNs3qwMBJ0q4lyASth9Ye
3YOvdmjSEwOqRAJ0ttfwCx,Gupi,,,,spotify:artist:3YOvdmjSEwOqRAJ0ttfwCx,https://open.spotify.com/artist/3YOvdmjSEwOqRAJ0ttfwCx
3ETvRzzQK7ppB28GcAE8rN,Mietze Conte,,,,spotify:artist:3ETvRzzQK7ppB28GcAE8rN,https://open.spotify.com/artist/3ETvRzzQK7ppB28GcAE8rN
0JGs71yEhFCKHhVOul0ANI,Opa Tsupa,,,,spotify:artist:0JGs71yEhFCKHhVOul0ANI,https://open.spotify.com/artist/0JGs71yEhFCKHhVOul0ANI
0vE2E2b0a3fMndxtZYwxjO,Mathilde Fernandez,,,,spotify:artist:0vE2E2b0a3fMndxtZYwxjO,https://open.spotify.com/artist/0vE2E2b0a3fMndxtZYwxjO
5h7TI4XI3fjCiG5MHJMyO0,Meryem Aboulouafa,,,,spotify:artist:5h7TI4XI3fjCiG5MHJMyO0,https://open.spotify.com/artist/5h7TI4XI3fjCiG5MHJMyO0
3lmaY64jiPo0uqfLleWX1E,Tonino3000,,,,spotify:artist:3lmaY64jiPo0uqfLleWX1E,https://open.spotify.com/artist/3lmaY64jiPo0uqfLleWX1E
1itsEEQGIivqDJG8XQXHl8,Alternative Station,,,,spotify:artist:1itsEEQGIivqDJG8XQXHl8,https://open.spotify.com/artist/1itsEEQGIivqDJG8XQXHl8
2hR4h1Cao2ueuI7Cx9c7V8,Cavetown,,,,spotify:artist:2hR4h1Cao2ueuI7Cx9c7V8,https://open.spotify.com/artist/2hR4h1Cao2ueuI7Cx9c7V8
2ApaG60P4r0yhBoDCGD8YG,Elliott Smith,,,,spotify:artist:2ApaG60P4r0yhBoDCGD8YG,https://open.spotify.com/artist/2ApaG60P4r0yhBoDCGD8YG
1McMsnEElThX1knmY4oliG,Olivia Rodrigo,,,,spotify:artist:1McMsnEElThX1knmY4oliG,https://open.spotify.com/artist/1McMsnEElThX1knmY4oliG
18ca9d5EU5R1AhVKPR1cm0,Eartheater,,,,spotify:artist:18ca9d5EU5R1AhVKPR1cm0,https://open.spotify.com/artist/18ca9d5EU5R1AhVKPR1cm0
0sqfDFd4rYzLfEKpIvJTUc,Giant Claw,,,,spotify:artist:0sqfDFd4rYzLfEKpIvJTUc,https://open.spotify.com/artist/0sqfDFd4rYzLfEKpIvJTUc
5wGMwXlBLMpuJzRpPxNFjq,Giraffes? Giraffes!,,,,spotify:artist:5wGMwXlBLMpuJzRpPxNFjq,https://open.spotify.com/artist/5wGMwXlBLMpuJzRpPxNFjq
202HZzqKvPsMHcbwnDZx7u,Dorian Electra,,,,spotify:artist:202HZzqKvPsMHcbwnDZx7u,https://open.spotify.com/artist/202HZzqKvPsMHcbwnDZx7u
7p0odCZxOVz684NjXt1dEf,Le Wanski,,,,spotify:artist:7p0odCZxOVz684NjXt1dEf,https://open.spotify.com/artist/7p0odCZxOVz684NjXt1dEf
69irZ4R8OsrLHjr6VmMmMg,Gaël Faye,,,,spotify:artist:69irZ4R8OsrLHjr6VmMmMg,https://open.spotify.com/artist/69irZ4R8OsrLHjr6VmMmMg
3ND5NWoKzlelYDDyWqSQpQ,Susumu Yokota,,,,spotify:artist:3ND5NWoKzlelYDDyWqSQpQ,https://open.spotify.com/artist/3ND5NWoKzlelYDDyWqSQpQ
2f1BFOhuLHw7mXfquuG85y,Ö,,,,spotify:artist:2f1BFOhuLHw7mXfquuG85y,https://open.spotify.com/artist/2f1BFOhuLHw7mXfquuG85y
2NPduAUeLVsfIauhRwuft1,Nightwish,,,,spotify:artist:2NPduAUeLVsfIauhRwuft1,https://open.spotify.com/artist/2NPduAUeLVsfIauhRwuft1
3IMOGrM63og03I4jMYo35G,ascendant vierge,,,,spotify:artist:3IMOGrM63og03I4jMYo35G,https://open.spotify.com/artist/3IMOGrM63og03I4jMYo35G
4ku2JEXg2nndNV75aeZKgs,Technical Hitch,,,,spotify:artist:4ku2JEXg2nndNV75aeZKgs,https://open.spotify.com/artist/4ku2JEXg2nndNV75aeZKgs
0lJkD4qYtseAvaYqw3iXOq,Tongo,,,,spotify:artist:0lJkD4qYtseAvaYqw3iXOq,https://open.spotify.com/artist/0lJkD4qYtseAvaYqw3iXOq
3FPflECmvkrze212dLPRSC,GFOTY,,,,spotify:artist:3FPflECmvkrze212dLPRSC,https://open.spotify.com/artist/3FPflECmvkrze212dLPRSC
44fpQPDp87ENRKkB3szMop,Curawaka,,,,spotify:artist:44fpQPDp87ENRKkB3szMop,https://open.spotify.com/artist/44fpQPDp87ENRKkB3szMop
4SQdUpG4f7UbkJG3cJ2Iyj,Arca,,,,spotify:artist:4SQdUpG4f7UbkJG3cJ2Iyj,https://open.spotify.com/artist/4SQdUpG4f7UbkJG3cJ2Iyj
3edX3eb6UibXDWOfpGD3xk,CUBISMO GRAFICO,,,,spotify:artist:3edX3eb6UibXDWOfpGD3xk,https://open.spotify.com/artist/3edX3eb6UibXDWOfpGD3xk
4CmXLOB2gQfewLf8iTbNVp,Anjimile,,,,spotify:artist:4CmXLOB2gQfewLf8iTbNVp,https://open.spotify.com/artist/4CmXLOB2gQfewLf8iTbNVp
492I2sQFcHDcsZECYX25dE,Lala Lala,,,,spotify:artist:492I2sQFcHDcsZECYX25dE,https://open.spotify.com/artist/492I2sQFcHDcsZECYX25dE
6yJ6QQ3Y5l0s0tn7b0arrO,JPEGMAFIA,,,,spotify:artist:6yJ6QQ3Y5l0s0tn7b0arrO,https://open.spotify.com/artist/6yJ6QQ3Y5l0s0tn7b0arrO
6e3pZKXUxrPfnUPJ960Hd9,Pomme,,,,spotify:artist:6e3pZKXUxrPfnUPJ960Hd9,https://open.spotify.com/artist/6e3pZKXUxrPfnUPJ960Hd9
4Ge8xMJNwt6EEXOzVXju9a,Caroline Polachek,,,,spotify:artist:4Ge8xMJNwt6EEXOzVXju9a,https://open.spotify.com/artist/4Ge8xMJNwt6EEXOzVXju9a
3NIFl4tsySuu3eu8Yt8c0s,Adé,,,,spotify:artist:3NIFl4tsySuu3eu8Yt8c0s,https://open.spotify.com/artist/3NIFl4tsySuu3eu8Yt8c0s
6DEkxQm6GxNV26tUMfVf6c,Daniela Pes,,,,spotify:artist:6DEkxQm6GxNV26tUMfVf6c,https://open.spotify.com/artist/6DEkxQm6GxNV26tUMfVf6c
1ZvF4Sgnre3Rk2CpiNy077,Sega Bodega,,,,spotify:artist:1ZvF4Sgnre3Rk2CpiNy077,https://open.spotify.com/artist/1ZvF4Sgnre3Rk2CpiNy077
0uBVyPbLZRDNEBiA4fZUlp,Froukje,,,,spotify:artist:0uBVyPbLZRDNEBiA4fZUlp,https://open.spotify.com/artist/0uBVyPbLZRDNEBiA4fZUlp
1F31FB7Y6ic4844PbqMf7c,death's dynamic shroud,,,,spotify:artist:1F31FB7Y6ic4844PbqMf7c,https://open.spotify.com/artist/1F31FB7Y6ic4844PbqMf7c
7fnMav7xXJwwjbyWbSjF4C,Gia Margaret,,,,spotify:artist:7fnMav7xXJwwjbyWbSjF4C,https://open.spotify.com/artist/7fnMav7xXJwwjbyWbSjF4C
0F8l1raRpXvRCsTrfSVocA,Shantel,,,,spotify:artist:0F8l1raRpXvRCsTrfSVocA,https://open.spotify.com/artist/0F8l1raRpXvRCsTrfSVocA
2YFBqMMiIIL4XyiEwqySUQ,Protomartyr,,,,spotify:artist:2YFBqMMiIIL4XyiEwqySUQ,https://open.spotify.com/artist/2YFBqMMiIIL4XyiEwqySUQ
18M7pJRsgFVjEBZ5ufmJAp,The Murder Capital,,,,spotify:artist:18M7pJRsgFVjEBZ5ufmJAp,https://open.spotify.com/artist/18M7pJRsgFVjEBZ5ufmJAp
53KwLdlmrlCelAZMaLVZqU,James Blake,,,,spotify:artist:53KwLdlmrlCelAZMaLVZqU,https://open.spotify.com/artist/53KwLdlmrlCelAZMaLVZqU
685XjGzGztyivfR3fAjoxo,Squid,,,,spotify:artist:685XjGzGztyivfR3fAjoxo,https://open.spotify.com/artist/685XjGzGztyivfR3fAjoxo
2Jv5eshHtLycR6R8KQCdc4,Grizzly Bear,,,,spotify:artist:2Jv5eshHtLycR6R8KQCdc4,https://open.spotify.com/artist/2Jv5eshHtLycR6R8KQCdc4
4sRf7lv4mmc3xIPthh4Wp6,Mario Diaz de Leon,,,,spotify:artist:4sRf7lv4mmc3xIPthh4Wp6,https://open.spotify.com/artist/4sRf7lv4mmc3xIPthh4Wp6
17UUkxLWmRP5P47W5kwVVb,Xenia Rubinos,,,,spotify:artist:17UUkxLWmRP5P47W5kwVVb,https://open.spotify.com/artist/17UUkxLWmRP5P47W5kwVVb
1Vi0Dq6hC56i3a6eVA9Y6g,Himera,,,,spotify:artist:1Vi0Dq6hC56i3a6eVA9Y6g,https://open.spotify.com/artist/1Vi0Dq6hC56i3a6eVA9Y6g
6yk8Fk0Sd7kPcyUjlb1F31,ibitram,,,,spotify:artist:6yk8Fk0Sd7kPcyUjlb1F31,https://open.spotify.com/artist/6yk8Fk0Sd7kPcyUjlb1F31
26T3LtbuGT1Fu9m0eRq5X3,Cage The Elephant,,,,spotify:artist:26T3LtbuGT1Fu9m0eRq5X3,https://open.spotify.com/artist/26T3LtbuGT1Fu9m0eRq5X3
6fFcUOFcbjeIuEomuUthkw,Oklou,,,,spotify:artist:6fFcUOFcbjeIuEomuUthkw,https://open.spotify.com/artist/6fFcUOFcbjeIuEomuUthkw
3PP6ghmOlDl2jaKaH0avUN,"Black Country, New Road",,,,spotify:artist:3PP6ghmOlDl2jaKaH0avUN,https://open.spotify.com/artist/3PP6ghmOlDl2jaKaH0avUN
0ngUeF0DGpYmPec80MqSi1,Against All Logic,,,,spotify:artist:0ngUeF0DGpYmPec80MqSi1,https://open.spotify.com/artist/0ngUeF0DGpYmPec80MqSi1
3sXErEOw7EmO6Sj7EgjHdU,Hannah Diamond,,,,spotify:artist:3sXErEOw7EmO6Sj7EgjHdU,https://open.spotify.com/artist/3sXErEOw7EmO6Sj7EgjHdU
6OqhFYFJDnBBHas02HopPT,Kero Kero Bonito,,,,spotify:artist:6OqhFYFJDnBBHas02HopPT,https://open.spotify.com/artist/6OqhFYFJDnBBHas02HopPT
4V7Ate3UISn8cy06xnAprh,Ryo Fukui,,,,spotify:artist:4V7Ate3UISn8cy06xnAprh,https://open.spotify.com/artist/4V7Ate3UISn8cy06xnAprh
2mcNCn1qbZUQ3J9KHapUxj,The Dø,,,,spotify:artist:2mcNCn1qbZUQ3J9KHapUxj,https://open.spotify.com/artist/2mcNCn1qbZUQ3J9KHapUxj
7nJawFIm90c4jAQFLabc1o,Fire-Toolz,,,,spotify:artist:7nJawFIm90c4jAQFLabc1o,https://open.spotify.com/artist/7nJawFIm90c4jAQFLabc1o
4YWj8sohRDjL9deiuRvEEY,Noisia,,,,spotify:artist:4YWj8sohRDjL9deiuRvEEY,https://open.spotify.com/artist/4YWj8sohRDjL9deiuRvEEY
1qiwaJwjKod5WhcYZ76O1B,Tim Hecker,,,,spotify:artist:1qiwaJwjKod5WhcYZ76O1B,https://open.spotify.com/artist/1qiwaJwjKod5WhcYZ76O1B
0mV46TLNBW1nxH97DfykqU,Voidvísir,,,,spotify:artist:0mV46TLNBW1nxH97DfykqU,https://open.spotify.com/artist/0mV46TLNBW1nxH97DfykqU
2SlUrJAcTYbWR8GcmB9IEi,Quelle Chris,,,,spotify:artist:2SlUrJAcTYbWR8GcmB9IEi,https://open.spotify.com/artist/2SlUrJAcTYbWR8GcmB9IEi
3M3wTTCDwicRubwMyHyEDy,Shygirl,,,,spotify:artist:3M3wTTCDwicRubwMyHyEDy,https://open.spotify.com/artist/3M3wTTCDwicRubwMyHyEDy
1AHswQqsDNmu1xaE8KpBne,Cobrah,,,,spotify:artist:1AHswQqsDNmu1xaE8KpBne,https://open.spotify.com/artist/1AHswQqsDNmu1xaE8KpBne
7A0awCXkE1FtSU8B0qwOJQ,Jamie xx,,,,spotify:artist:7A0awCXkE1FtSU8B0qwOJQ,https://open.spotify.com/artist/7A0awCXkE1FtSU8B0qwOJQ
0W8ZVf53GqJkTOPRWQaaBq,CHLOE (Thévenin),,,,spotify:artist:0W8ZVf53GqJkTOPRWQaaBq,https://open.spotify.com/artist/0W8ZVf53GqJkTOPRWQaaBq
40ZElxHldNyvn7x8WRC6fh,Pink Siifu,,,,spotify:artist:40ZElxHldNyvn7x8WRC6fh,https://open.spotify.com/artist/40ZElxHldNyvn7x8WRC6fh
7eKIP3IoPoUAZgZuvMM6hf,Venetian Snares,,,,spotify:artist:7eKIP3IoPoUAZgZuvMM6hf,https://open.spotify.com/artist/7eKIP3IoPoUAZgZuvMM6hf
4Rnbihd9aa3KWygk38BAZL,Mansfield.TYA,,,,spotify:artist:4Rnbihd9aa3KWygk38BAZL,https://open.spotify.com/artist/4Rnbihd9aa3KWygk38BAZL
40sPlPGgON8MBAiW4CIFTP,Tarta Relena,,,,spotify:artist:40sPlPGgON8MBAiW4CIFTP,https://open.spotify.com/artist/40sPlPGgON8MBAiW4CIFTP
2KHIH3mfq3nZ6LccJ0mfei,Nero's Day At Disneyland,,,,spotify:artist:2KHIH3mfq3nZ6LccJ0mfei,https://open.spotify.com/artist/2KHIH3mfq3nZ6LccJ0mfei
1fd3fmwlhrDl2U5wbbPQYN,Apashe,,,,spotify:artist:1fd3fmwlhrDl2U5wbbPQYN,https://open.spotify.com/artist/1fd3fmwlhrDl2U5wbbPQYN
6tOyn5DtikJHMTLxPwujMs,Extrafish,,,,spotify:artist:6tOyn5DtikJHMTLxPwujMs,https://open.spotify.com/artist/6tOyn5DtikJHMTLxPwujMs
16N7BvvGgw3jvmXBSn0hVS,Liquid Bloom,,,,spotify:artist:16N7BvvGgw3jvmXBSn0hVS,https://open.spotify.com/artist/16N7BvvGgw3jvmXBSn0hVS
6PfSUFtkMVoDkx4MQkzOi3,100 gecs,,,,spotify:artist:6PfSUFtkMVoDkx4MQkzOi3,https://open.spotify.com/artist/6PfSUFtkMVoDkx4MQkzOi3
5JLqvjW3Nyom2OsRUyFsS9,Xiu Xiu,,,,spotify:artist:5JLqvjW3Nyom2OsRUyFsS9,https://open.spotify.com/artist/5JLqvjW3Nyom2OsRUyFsS9
5gqhueRUZEa7VDnQt4HODp,Nils Frahm,,,,spotify:artist:5gqhueRUZEa7VDnQt4HODp,https://open.spotify.com/artist/5gqhueRUZEa7VDnQt4HODp
6RdcIWVKYYzNzjQRd3oyHS,Pinguini Tattici Nucleari,,,,spotify:artist:6RdcIWVKYYzNzjQRd3oyHS,https://open.spotify.com/artist/6RdcIWVKYYzNzjQRd3oyHS
2FwDTncULUnmANIh7qKa5z,FKJ,,,,spotify:artist:2FwDTncULUnmANIh7qKa5z,https://open.spotify.com/artist/2FwDTncULUnmANIh7qKa5z
6zvul52xwTWzilBZl6BUbT,Pixies,,,,spotify:artist:6zvul52xwTWzilBZl6BUbT,https://open.spotify.com/artist/6zvul52xwTWzilBZl6BUbT
4PxPpid4wSQJ630DTqZ046,OTTO,,,,spotify:artist:4PxPpid4wSQJ630DTqZ046,https://open.spotify.com/artist/4PxPpid4wSQJ630DTqZ046
4cTAxWpGWv5fftdcfNdcn3,Nanan,,,,spotify:artist:4cTAxWpGWv5fftdcfNdcn3,https://open.spotify.com/artist/4cTAxWpGWv5fftdcfNdcn3
40iJCAOCz6nhRs6CbsAtOg,Fanfare Ciocarlia,,,,spotify:artist:40iJCAOCz6nhRs6CbsAtOg,https://open.spotify.com/artist/40iJCAOCz6nhRs6CbsAtOg
1IdkKQ9CM1i0wygfxYV4Z3,Lido Pimienta,,,,spotify:artist:1IdkKQ9CM1i0wygfxYV4Z3,https://open.spotify.com/artist/1IdkKQ9CM1i0wygfxYV4Z3
0m5XJwKGYyUjd3VMfcINCQ,Shpongle,,,,spotify:artist:0m5XJwKGYyUjd3VMfcINCQ,https://open.spotify.com/artist/0m5XJwKGYyUjd3VMfcINCQ
0yd6o6a2MaOjsF1SglI4Hw,HMLTD,,,,spotify:artist:0yd6o6a2MaOjsF1SglI4Hw,https://open.spotify.com/artist/0yd6o6a2MaOjsF1SglI4Hw
4ODo634wVqDxqgVSlXE2LO,HWLS,,,,spotify:artist:4ODo634wVqDxqgVSlXE2LO,https://open.spotify.com/artist/4ODo634wVqDxqgVSlXE2LO
284mnx33IWcymQEpMxyfHl,Modest Mussorgsky,,,,spotify:artist:284mnx33IWcymQEpMxyfHl,https://open.spotify.com/artist/284mnx33IWcymQEpMxyfHl
3jc496ljiyrS3ECrD7QiqL,Gipsy Kings,,,,spotify:artist:3jc496ljiyrS3ECrD7QiqL,https://open.spotify.com/artist/3jc496ljiyrS3ECrD7QiqL
0GLNkaDvRpNqcvEgUXPLDt,Uochi Toki,,,,spotify:artist:0GLNkaDvRpNqcvEgUXPLDt,https://open.spotify.com/artist/0GLNkaDvRpNqcvEgUXPLDt
6ajCRFex2sP3I71JIHxwSZ,Après La Classe,,,,spotify:artist:6ajCRFex2sP3I71JIHxwSZ,https://open.spotify.com/artist/6ajCRFex2sP3I71JIHxwSZ
11kBu957KTYoAltZHDm8gW,Buena Vista Social Club,,,,spotify:artist:11kBu957KTYoAltZHDm8gW,https://open.spotify.com/artist/11kBu957KTYoAltZHDm8gW
4cgCxnsmy9kDcl3oA2BYRY,Haris Alexiou,,,,spotify:artist:4cgCxnsmy9kDcl3oA2BYRY,https://open.spotify.com/artist/4cgCxnsmy9kDcl3oA2BYRY
2RLoouHxVtWm1qCG1vYfIS,Octave Cat,,,,spotify:artist:2RLoouHxVtWm1qCG1vYfIS,https://open.spotify.com/artist/2RLoouHxVtWm1qCG1vYfIS
4a8MGNthjVGNBU6AdBQT7x,House of Waters,,,,spotify:artist:4a8MGNthjVGNBU6AdBQT7x,https://open.spotify.com/artist/4a8MGNthjVGNBU6AdBQT7x
0atCvjK2GL6ezQFGOQOYQo,Seiji Ozawa,,,,spotify:artist:0atCvjK2GL6ezQFGOQOYQo,https://open.spotify.com/artist/0atCvjK2GL6ezQFGOQOYQo
5eFcEnUv0A83EIHKVrXzg4,Mahala Rai Banda,,,,spotify:artist:5eFcEnUv0A83EIHKVrXzg4,https://open.spotify.com/artist/5eFcEnUv0A83EIHKVrXzg4
1YsM3PBHRzAPjdDhj5d6As,Slow Attack Ensemble,,,,spotify:artist:1YsM3PBHRzAPjdDhj5d6As,https://open.spotify.com/artist/1YsM3PBHRzAPjdDhj5d6As
3pELK7yZLEHAKWeTw6c6MJ,Juggernaut,,,,spotify:artist:3pELK7yZLEHAKWeTw6c6MJ,https://open.spotify.com/artist/3pELK7yZLEHAKWeTw6c6MJ
2wzMOQwNT6ZvVB4amvhFAH,The Pogues,,,,spotify:artist:2wzMOQwNT6ZvVB4amvhFAH,https://open.spotify.com/artist/2wzMOQwNT6ZvVB4amvhFAH
1P2OjdNxAoTx7vpLI4Urum,Conceptor,,,,spotify:artist:1P2OjdNxAoTx7vpLI4Urum,https://open.spotify.com/artist/1P2OjdNxAoTx7vpLI4Urum
3mXI2gpwWnNO9qbQG3n3EP,Lila Downs,,,,spotify:artist:3mXI2gpwWnNO9qbQG3n3EP,https://open.spotify.com/artist/3mXI2gpwWnNO9qbQG3n3EP
7sYipTRgDXS2JVOPEhRutx,Portico Quartet,,,,spotify:artist:7sYipTRgDXS2JVOPEhRutx,https://open.spotify.com/artist/7sYipTRgDXS2JVOPEhRutx
1DGpHnPOpMYY780hcQHmPB,Hiroshi Yoshimura,,,,spotify:artist:1DGpHnPOpMYY780hcQHmPB,https://open.spotify.com/artist/1DGpHnPOpMYY780hcQHmPB
0aA1GTrIMutjIh4GlPPUVN,Crooked Colours,,,,spotify:artist:0aA1GTrIMutjIh4GlPPUVN,https://open.spotify.com/artist/0aA1GTrIMutjIh4GlPPUVN
5EK3NB20Wn6PBTX06QdbOX,MIGMA SHELTER,,,,spotify:artist:5EK3NB20Wn6PBTX06QdbOX,https://open.spotify.com/artist/5EK3NB20Wn6PBTX06QdbOX
1UkYB1n44YzBCtMaKde48Y,Norbert Susemihl,,,,spotify:artist:1UkYB1n44YzBCtMaKde48Y,https://open.spotify.com/artist/1UkYB1n44YzBCtMaKde48Y
3QVolfxko2UyCOtexhVTli,Angèle,,,,spotify:artist:3QVolfxko2UyCOtexhVTli,https://open.spotify.com/artist/3QVolfxko2UyCOtexhVTli
45yEuthJ9yq1rNXAOpBnqM,Polo & Pan,,,,spotify:artist:45yEuthJ9yq1rNXAOpBnqM,https://open.spotify.com/artist/45yEuthJ9yq1rNXAOpBnqM
77ZUbcdoU5KCPHNUl8bgQy,João Gilberto,,,,spotify:artist:77ZUbcdoU5KCPHNUl8bgQy,https://open.spotify.com/artist/77ZUbcdoU5KCPHNUl8bgQy
5PbpKlxQE0Ktl5lcNABoFf,Car Seat Headrest,,,,spotify:artist:5PbpKlxQE0Ktl5lcNABoFf,https://open.spotify.com/artist/5PbpKlxQE0Ktl5lcNABoFf
1SETr6LqWZXbJyEDVe6xDc,Katie Dey,,,,spotify:artist:1SETr6LqWZXbJyEDVe6xDc,https://open.spotify.com/artist/1SETr6LqWZXbJyEDVe6xDc
30EilmonVXftR1pWoALezP,The Physics House Band,,,,spotify:artist:30EilmonVXftR1pWoALezP,https://open.spotify.com/artist/30EilmonVXftR1pWoALezP
3TBSC0T9R9wW9oAy7RdHiD,Besh o droM,,,,spotify:artist:3TBSC0T9R9wW9oAy7RdHiD,https://open.spotify.com/artist/3TBSC0T9R9wW9oAy7RdHiD
6LtwY43IVeNpnireOVay0H,the olllam,,,,spotify:artist:6LtwY43IVeNpnireOVay0H,https://open.spotify.com/artist/6LtwY43IVeNpnireOVay0H
1eYhYunlNJlDoQhtYBvPsi,Ray Charles,,,,spotify:artist:1eYhYunlNJlDoQhtYBvPsi,https://open.spotify.com/artist/1eYhYunlNJlDoQhtYBvPsi
5EQMO0g2Ley9i4VlOwYQt5,Eugenio Bennato,,,,spotify:artist:5EQMO0g2Ley9i4VlOwYQt5,https://open.spotify.com/artist/5EQMO0g2Ley9i4VlOwYQt5
00n4Vljc6N9pvJ26SKPphh,Ruben Gonzalez,,,,spotify:artist:00n4Vljc6N9pvJ26SKPphh,https://open.spotify.com/artist/00n4Vljc6N9pvJ26SKPphh
4mw86zm4QZIL8SksdyE6OU,múm,,,,spotify:artist:4mw86zm4QZIL8SksdyE6OU,https://open.spotify.com/artist/4mw86zm4QZIL8SksdyE6OU
7yxi31szvlbwvKq9dYOmFI,Jon Hopkins,,,,spotify:artist:7yxi31szvlbwvKq9dYOmFI,https://open.spotify.com/artist/7yxi31szvlbwvKq9dYOmFI
7E3BRXV9ZbCt5lQTCXMTia,Ólafur Arnalds,,,,spotify:artist:7E3BRXV9ZbCt5lQTCXMTia,https://open.spotify.com/artist/7E3BRXV9ZbCt5lQTCXMTia
0nJvyjVTb8sAULPYyA1bqU,Aaron Copland,,,,spotify:artist:0nJvyjVTb8sAULPYyA1bqU,https://open.spotify.com/artist/0nJvyjVTb8sAULPYyA1bqU
6Tw1ktF4xMmzaLLbe98I2z,Harry Belafonte,,,,spotify:artist:6Tw1ktF4xMmzaLLbe98I2z,https://open.spotify.com/artist/6Tw1ktF4xMmzaLLbe98I2z
4sTcgUXJRSvSQHei3ZQUBR,Juaneco Y Su Combo,,,,spotify:artist:4sTcgUXJRSvSQHei3ZQUBR,https://open.spotify.com/artist/4sTcgUXJRSvSQHei3ZQUBR
0oSGxfWSnnOXhD2fKuz2Gy,David Bowie,,,,spotify:artist:0oSGxfWSnnOXhD2fKuz2Gy,https://open.spotify.com/artist/0oSGxfWSnnOXhD2fKuz2Gy
7oPgCQqMMXEXrNau5vxYZP,Tracy Chapman,,,,spotify:artist:7oPgCQqMMXEXrNau5vxYZP,https://open.spotify.com/artist/7oPgCQqMMXEXrNau5vxYZP
0Nks3cFWU2a7rooAlFQYgn,Cesária Evora,,,,spotify:artist:0Nks3cFWU2a7rooAlFQYgn,https://open.spotify.com/artist/0Nks3cFWU2a7rooAlFQYgn
7s6K4YGtN6umad2vEORNM4,Bebeto,,,,spotify:artist:7s6K4YGtN6umad2vEORNM4,https://open.spotify.com/artist/7s6K4YGtN6umad2vEORNM4
6rBjLEUUSxC6ih3JF2RXcz,Walter De Afogados,,,,spotify:artist:6rBjLEUUSxC6ih3JF2RXcz,https://open.spotify.com/artist/6rBjLEUUSxC6ih3JF2RXcz
5RdEgvFMoLubrYet7DNjia,TRI4TH,,,,spotify:artist:5RdEgvFMoLubrYet7DNjia,https://open.spotify.com/artist/5RdEgvFMoLubrYet7DNjia
15UsOTVnJzReFVN1VCnxy4,XXXTENTACION,,,,spotify:artist:15UsOTVnJzReFVN1VCnxy4,https://open.spotify.com/artist/15UsOTVnJzReFVN1VCnxy4
1mhvEcFHyhMyT4yR7cdoQh,Trio Bobo,,,,spotify:artist:1mhvEcFHyhMyT4yR7cdoQh,https://open.spotify.com/artist/1mhvEcFHyhMyT4yR7cdoQh
497rp5TEzJffeBnUT0BeE1,Mammal Hands,,,,spotify:artist:497rp5TEzJffeBnUT0BeE1,https://open.spotify.com/artist/497rp5TEzJffeBnUT0BeE1
7wBFjZMHsC6nfV0HOSd6uI,The Modern Jazz Quartet,,,,spotify:artist:7wBFjZMHsC6nfV0HOSd6uI,https://open.spotify.com/artist/7wBFjZMHsC6nfV0HOSd6uI
1BGN1IdyiSR0ZYrkoKNchl,Tangerine Dream,,,,spotify:artist:1BGN1IdyiSR0ZYrkoKNchl,https://open.spotify.com/artist/1BGN1IdyiSR0ZYrkoKNchl
1C4qzAoWeKRKYqm26fKvWq,Elephant Sessions,,,,spotify:artist:1C4qzAoWeKRKYqm26fKvWq,https://open.spotify.com/artist/1C4qzAoWeKRKYqm26fKvWq
1Kg1YjzCpCLXwhWvBSP0v2,Treacherous Orchestra,,,,spotify:artist:1Kg1YjzCpCLXwhWvBSP0v2,https://open.spotify.com/artist/1Kg1YjzCpCLXwhWvBSP0v2
0nCiidE5GgDrc5kWN3NZgZ,"Emerson, Lake & Palmer",,,,spotify:artist:0nCiidE5GgDrc5kWN3NZgZ,https://open.spotify.com/artist/0nCiidE5GgDrc5kWN3NZgZ
7xT0arvCDupDU1YYy0BNv9,Orchestra Baobab,,,,spotify:artist:7xT0arvCDupDU1YYy0BNv9,https://open.spotify.com/artist/7xT0arvCDupDU1YYy0BNv9
0hUnACGIFz6oHfeDIT36mp,Afro Celt Sound System,,,,spotify:artist:0hUnACGIFz6oHfeDIT36mp,https://open.spotify.com/artist/0hUnACGIFz6oHfeDIT36mp
020YMlk8jpd2AKUi5B0OK1,Lúnasa,,,,spotify:artist:020YMlk8jpd2AKUi5B0OK1,https://open.spotify.com/artist/020YMlk8jpd2AKUi5B0OK1
6MF58APd3YV72Ln2eVg710,Felix Mendelssohn,,,,spotify:artist:6MF58APd3YV72Ln2eVg710,https://open.spotify.com/artist/6MF58APd3YV72Ln2eVg710
7eMopflZIkcPF4refj6MNU,Piglet,,,,spotify:artist:7eMopflZIkcPF4refj6MNU,https://open.spotify.com/artist/7eMopflZIkcPF4refj6MNU
6RuS4udHwx3C9ysk4KXtNw,jizue,,,,spotify:artist:6RuS4udHwx3C9ysk4KXtNw,https://open.spotify.com/artist/6RuS4udHwx3C9ysk4KXtNw
2JC4hZm1egeJDEolLsMwZ9,Between The Buried And Me,,,,spotify:artist:2JC4hZm1egeJDEolLsMwZ9,https://open.spotify.com/artist/2JC4hZm1egeJDEolLsMwZ9
7ENzCHnmJUr20nUjoZ0zZ1,Snarky Puppy,,,,spotify:artist:7ENzCHnmJUr20nUjoZ0zZ1,https://open.spotify.com/artist/7ENzCHnmJUr20nUjoZ0zZ1
0rpKM0MniNkXM1SLSglYUZ,toe,,,,spotify:artist:0rpKM0MniNkXM1SLSglYUZ,https://open.spotify.com/artist/0rpKM0MniNkXM1SLSglYUZ
2rqNUPgkBgbhcRabUQ5C9g,Elephant Gym,,,,spotify:artist:2rqNUPgkBgbhcRabUQ5C9g,https://open.spotify.com/artist/2rqNUPgkBgbhcRabUQ5C9g
5TUa95aB5Vu2CzwCnZd6t0,TTNG,,,,spotify:artist:5TUa95aB5Vu2CzwCnZd6t0,https://open.spotify.com/artist/5TUa95aB5Vu2CzwCnZd6t0
6GAoXkyadLFOLLkZrHWlOR,tide/edit,,,,spotify:artist:6GAoXkyadLFOLLkZrHWlOR,https://open.spotify.com/artist/6GAoXkyadLFOLLkZrHWlOR
3qu0nHytyZet7JFUe2Afow,Via Luna,,,,spotify:artist:3qu0nHytyZet7JFUe2Afow,https://open.spotify.com/artist/3qu0nHytyZet7JFUe2Afow
502QOcjJiKbhtG2MyrFkc8,Yvette Young,,,,spotify:artist:502QOcjJiKbhtG2MyrFkc8,https://open.spotify.com/artist/502QOcjJiKbhtG2MyrFkc8
2JFljHPanIjYy2QqfNYvC0,Chon,,,,spotify:artist:2JFljHPanIjYy2QqfNYvC0,https://open.spotify.com/artist/2JFljHPanIjYy2QqfNYvC0
7663vNncj70kCkfsi5eMNf,Clever Girl,,,,spotify:artist:7663vNncj70kCkfsi5eMNf,https://open.spotify.com/artist/7663vNncj70kCkfsi5eMNf
2ZvrvbQNrHKwjT7qfGFFUW,Herbie Hancock,,,,spotify:artist:2ZvrvbQNrHKwjT7qfGFFUW,https://open.spotify.com/artist/2ZvrvbQNrHKwjT7qfGFFUW
6SZXiHJt5lhwBQ4OVTGC6S,Vasco Brondi,,,,spotify:artist:6SZXiHJt5lhwBQ4OVTGC6S,https://open.spotify.com/artist/6SZXiHJt5lhwBQ4OVTGC6S
4hfcSstwnyuBoek1dQwLkG,Cymande,,,,spotify:artist:4hfcSstwnyuBoek1dQwLkG,https://open.spotify.com/artist/4hfcSstwnyuBoek1dQwLkG
15NSFL63oPhmpXLcZHny2N,Fazıl Say,,,,spotify:artist:15NSFL63oPhmpXLcZHny2N,https://open.spotify.com/artist/15NSFL63oPhmpXLcZHny2N
2qFr8w5sWUITRlzZ9kZotF,Jefferson Airplane,,,,spotify:artist:2qFr8w5sWUITRlzZ9kZotF,https://open.spotify.com/artist/2qFr8w5sWUITRlzZ9kZotF
73sIBHcqh3Z3NyqHKZ7FOL,Childish Gambino,,,,spotify:artist:73sIBHcqh3Z3NyqHKZ7FOL,https://open.spotify.com/artist/73sIBHcqh3Z3NyqHKZ7FOL
3v9LE0hCyNihlWKS5ymtCT,Pippo Sowlo,,,,spotify:artist:3v9LE0hCyNihlWKS5ymtCT,https://open.spotify.com/artist/3v9LE0hCyNihlWKS5ymtCT
3y1SoTOdrmRNTBVph5T0VZ,Laurent Garnier,,,,spotify:artist:3y1SoTOdrmRNTBVph5T0VZ,https://open.spotify.com/artist/3y1SoTOdrmRNTBVph5T0VZ
4kLvhMAuCloLxoP1aVM7Lr,Michael Giacchino,,,,spotify:artist:4kLvhMAuCloLxoP1aVM7Lr,https://open.spotify.com/artist/4kLvhMAuCloLxoP1aVM7Lr
7nXyULtoL8k7wP9l6kg8Ef,Madeleine Peyroux,,,,spotify:artist:7nXyULtoL8k7wP9l6kg8Ef,https://open.spotify.com/artist/7nXyULtoL8k7wP9l6kg8Ef
4Zs2XcWJ8IshV8ZNFJjTjO,Tommy Igoe and the Birdland Big Band,,,,spotify:artist:4Zs2XcWJ8IshV8ZNFJjTjO,https://open.spotify.com/artist/4Zs2XcWJ8IshV8ZNFJjTjO
0yW0kiRsK5MYhgICpQhbaG,Ed Carlsen,,,,spotify:artist:0yW0kiRsK5MYhgICpQhbaG,https://open.spotify.com/artist/0yW0kiRsK5MYhgICpQhbaG
5w6G3f80G50o2sktPdb2pL,Karl Peinkofer Percussion Ensemble,,,,spotify:artist:5w6G3f80G50o2sktPdb2pL,https://open.spotify.com/artist/5w6G3f80G50o2sktPdb2pL
7Fo8TAyGJr4VmhE68QamMf,Talk Talk,,,,spotify:artist:7Fo8TAyGJr4VmhE68QamMf,https://open.spotify.com/artist/7Fo8TAyGJr4VmhE68QamMf
0zkI8Gci7muk180ACGwlxh,Dark Rooms,,,,spotify:artist:0zkI8Gci7muk180ACGwlxh,https://open.spotify.com/artist/0zkI8Gci7muk180ACGwlxh
2YZyLoL8N0Wb9xBt1NhZWg,Kendrick Lamar,,,,spotify:artist:2YZyLoL8N0Wb9xBt1NhZWg,https://open.spotify.com/artist/2YZyLoL8N0Wb9xBt1NhZWg
77s5NAGQbxu8oLstaqSwHE,MASTER BOOT RECORD,,,,spotify:artist:77s5NAGQbxu8oLstaqSwHE,https://open.spotify.com/artist/77s5NAGQbxu8oLstaqSwHE
3u9rbdcmA6CxjxOAkjaeFr,Kokoroko,,,,spotify:artist:3u9rbdcmA6CxjxOAkjaeFr,https://open.spotify.com/artist/3u9rbdcmA6CxjxOAkjaeFr
2mVVjNmdjXZZDvhgQWiakk,Khruangbin,,,,spotify:artist:2mVVjNmdjXZZDvhgQWiakk,https://open.spotify.com/artist/2mVVjNmdjXZZDvhgQWiakk
1HVwzNriKEjaeE06okqSpx,Carla Bruni,,,,spotify:artist:1HVwzNriKEjaeE06okqSpx,https://open.spotify.com/artist/1HVwzNriKEjaeE06okqSpx
7x3f7c0fBanNlQwpx1255g,Françoise Hardy,,,,spotify:artist:7x3f7c0fBanNlQwpx1255g,https://open.spotify.com/artist/7x3f7c0fBanNlQwpx1255g
6n7nd5iceYpXVwcx8VPpxF,Antonín Dvořák,,,,spotify:artist:6n7nd5iceYpXVwcx8VPpxF,https://open.spotify.com/artist/6n7nd5iceYpXVwcx8VPpxF
1YuknfkSYTTbolRpwZBOv4,George Gershwin,,,,spotify:artist:1YuknfkSYTTbolRpwZBOv4,https://open.spotify.com/artist/1YuknfkSYTTbolRpwZBOv4
7G1GBhoKtEPnP86X2PvEYO,Nina Simone,,,,spotify:artist:7G1GBhoKtEPnP86X2PvEYO,https://open.spotify.com/artist/7G1GBhoKtEPnP86X2PvEYO
282fWhKkQ8WKqYbrEN0jCB,Jim Hall & Pat Metheny,,,,spotify:artist:282fWhKkQ8WKqYbrEN0jCB,https://open.spotify.com/artist/282fWhKkQ8WKqYbrEN0jCB
36QJpDe2go2KgaRleHCDTp,Led Zeppelin,,,,spotify:artist:36QJpDe2go2KgaRleHCDTp,https://open.spotify.com/artist/36QJpDe2go2KgaRleHCDTp
5r2JG9bxzdaGLiu4cq9X9t,Estas Tonne,,,,spotify:artist:5r2JG9bxzdaGLiu4cq9X9t,https://open.spotify.com/artist/5r2JG9bxzdaGLiu4cq9X9t
7Eu1txygG6nJttLHbZdQOh,Four Tet,,,,spotify:artist:7Eu1txygG6nJttLHbZdQOh,https://open.spotify.com/artist/7Eu1txygG6nJttLHbZdQOh
3IYUhFvPQItj6xySrBmZkd,Creedence Clearwater Revival,,,,spotify:artist:3IYUhFvPQItj6xySrBmZkd,https://open.spotify.com/artist/3IYUhFvPQItj6xySrBmZkd
5r1fQsxkiQl0VwUlERnDBP,Car Bomb,,,,spotify:artist:5r1fQsxkiQl0VwUlERnDBP,https://open.spotify.com/artist/5r1fQsxkiQl0VwUlERnDBP
7GaxyUddsPok8BuhxN6OUW,James Brown,,,,spotify:artist:7GaxyUddsPok8BuhxN6OUW,https://open.spotify.com/artist/7GaxyUddsPok8BuhxN6OUW
00tVTdpEhQQw1bqdu8RCx2,Blue Öyster Cult,,,,spotify:artist:00tVTdpEhQQw1bqdu8RCx2,https://open.spotify.com/artist/00tVTdpEhQQw1bqdu8RCx2
0WwSkZ7LtFUFjGjMZBMt6T,Dire Straits,,,,spotify:artist:0WwSkZ7LtFUFjGjMZBMt6T,https://open.spotify.com/artist/0WwSkZ7LtFUFjGjMZBMt6T
5ZMwoAjeDtLJ0XRwRTgaK8,Quantic,,,,spotify:artist:5ZMwoAjeDtLJ0XRwRTgaK8,https://open.spotify.com/artist/5ZMwoAjeDtLJ0XRwRTgaK8
7MqnCTCAX6SsIYYdJCQj9B,Pendulum,,,,spotify:artist:7MqnCTCAX6SsIYYdJCQj9B,https://open.spotify.com/artist/7MqnCTCAX6SsIYYdJCQj9B
5qOfTfMzTj2dvvpWKzIFk6,The Bad Plus,,,,spotify:artist:5qOfTfMzTj2dvvpWKzIFk6,https://open.spotify.com/artist/5qOfTfMzTj2dvvpWKzIFk6
5olDKSsFhhmwh8UCWwKtpq,Chick Corea,,,,spotify:artist:5olDKSsFhhmwh8UCWwKtpq,https://open.spotify.com/artist/5olDKSsFhhmwh8UCWwKtpq
59O4pHlANHYrHM5HGz6JbM,Nuuro,,,,spotify:artist:59O4pHlANHYrHM5HGz6JbM,https://open.spotify.com/artist/59O4pHlANHYrHM5HGz6JbM
6P7H3ai06vU1sGvdpBwDmE,Steely Dan,,,,spotify:artist:6P7H3ai06vU1sGvdpBwDmE,https://open.spotify.com/artist/6P7H3ai06vU1sGvdpBwDmE
2yEwvVSSSUkcLeSTNyHKh8,TOOL,,,,spotify:artist:2yEwvVSSSUkcLeSTNyHKh8,https://open.spotify.com/artist/2yEwvVSSSUkcLeSTNyHKh8
2qxJFvFYMEDqd7ui6kSAcq,Zedd,,,,spotify:artist:2qxJFvFYMEDqd7ui6kSAcq,https://open.spotify.com/artist/2qxJFvFYMEDqd7ui6kSAcq
5l8VQNuIg0turYE1VtM9zV,Leonard Cohen,,,,spotify:artist:5l8VQNuIg0turYE1VtM9zV,https://open.spotify.com/artist/5l8VQNuIg0turYE1VtM9zV
6LO13YjxG7x8waq1RGOYI7,Stefano Bollani,,,,spotify:artist:6LO13YjxG7x8waq1RGOYI7,https://open.spotify.com/artist/6LO13YjxG7x8waq1RGOYI7
17hR0sYHpx7VYTMRfFUOmY,Maurice Ravel,,,,spotify:artist:17hR0sYHpx7VYTMRfFUOmY,https://open.spotify.com/artist/17hR0sYHpx7VYTMRfFUOmY
2iE18Oxc8YSumAU232n4rW,The Jackson 5,,,,spotify:artist:2iE18Oxc8YSumAU232n4rW,https://open.spotify.com/artist/2iE18Oxc8YSumAU232n4rW
0r1s1XoxdoXECGfyChzb2v,Liquid Tension Experiment,,,,spotify:artist:0r1s1XoxdoXECGfyChzb2v,https://open.spotify.com/artist/0r1s1XoxdoXECGfyChzb2v
5RzjqfPS0Bu4bUMkyNNDpn,Dizzy Gillespie,,,,spotify:artist:5RzjqfPS0Bu4bUMkyNNDpn,https://open.spotify.com/artist/5RzjqfPS0Bu4bUMkyNNDpn
26dSoYclwsYLMAKD3tpOr4,Britney Spears,,,,spotify:artist:26dSoYclwsYLMAKD3tpOr4,https://open.spotify.com/artist/26dSoYclwsYLMAKD3tpOr4
12Chz98pHFMPJEknJQMWvI,Muse,,,,spotify:artist:12Chz98pHFMPJEknJQMWvI,https://open.spotify.com/artist/12Chz98pHFMPJEknJQMWvI
1JOQXgYdQV2yfrhewqx96o,Giuseppe Verdi,,,,spotify:artist:1JOQXgYdQV2yfrhewqx96o,https://open.spotify.com/artist/1JOQXgYdQV2yfrhewqx96o
5hW4L92KnC6dX9t7tYM4Ve,Joni Mitchell,,,,spotify:artist:5hW4L92KnC6dX9t7tYM4Ve,https://open.spotify.com/artist/5hW4L92KnC6dX9t7tYM4Ve
35U9lQaRWSQISxQAB94Meo,America,,,,spotify:artist:35U9lQaRWSQISxQAB94Meo,https://open.spotify.com/artist/35U9lQaRWSQISxQAB94Meo
0roWUeP7Ac4yK4VN6L2gF4,Gioachino Rossini,,,,spotify:artist:0roWUeP7Ac4yK4VN6L2gF4,https://open.spotify.com/artist/0roWUeP7Ac4yK4VN6L2gF4
5s4z3mRAE7nxE3jjft8J3h,John Mayall,,,,spotify:artist:5s4z3mRAE7nxE3jjft8J3h,https://open.spotify.com/artist/5s4z3mRAE7nxE3jjft8J3h
08GQAI4eElDnROBrJRGE0X,Fleetwood Mac,,,,spotify:artist:08GQAI4eElDnROBrJRGE0X,https://open.spotify.com/artist/08GQAI4eElDnROBrJRGE0X
0TF6B1cp2QZXLE0NjhTMT9,LITE,,,,spotify:artist:0TF6B1cp2QZXLE0NjhTMT9,https://open.spotify.com/artist/0TF6B1cp2QZXLE0NjhTMT9
568ZhdwyaiCyOGJRtNYhWf,Deep Purple,,,,spotify:artist:568ZhdwyaiCyOGJRtNYhWf,https://open.spotify.com/artist/568ZhdwyaiCyOGJRtNYhWf
4NJhFmfw43RLBLjQvxDuRS,Wolfgang Amadeus Mozart,,,,spotify:artist:4NJhFmfw43RLBLjQvxDuRS,https://open.spotify.com/artist/4NJhFmfw43RLBLjQvxDuRS
3MKCzCnpzw3TjUYs2v7vDA,Pyotr Ilyich Tchaikovsky,,,,spotify:artist:3MKCzCnpzw3TjUYs2v7vDA,https://open.spotify.com/artist/3MKCzCnpzw3TjUYs2v7vDA
05lIUgmmsmTX2N9dCKc8rC,Rival Consoles,,,,spotify:artist:05lIUgmmsmTX2N9dCKc8rC,https://open.spotify.com/artist/05lIUgmmsmTX2N9dCKc8rC
29kkCKKGXheHuoO829FxWK,Boston,,,,spotify:artist:29kkCKKGXheHuoO829FxWK,https://open.spotify.com/artist/29kkCKKGXheHuoO829FxWK
3DtSOCXYU6o4EV0K1NgIKq,Art Tatum,,,,spotify:artist:3DtSOCXYU6o4EV0K1NgIKq,https://open.spotify.com/artist/3DtSOCXYU6o4EV0K1NgIKq
436sYg6CZhNefQJogaXeK0,Camille Saint-Saëns,,,,spotify:artist:436sYg6CZhNefQJogaXeK0,https://open.spotify.com/artist/436sYg6CZhNefQJogaXeK0
00sazWvoTLOqg5MFwC68Um,Yann Tiersen,,,,spotify:artist:00sazWvoTLOqg5MFwC68Um,https://open.spotify.com/artist/00sazWvoTLOqg5MFwC68Um
1MD5pgVzlusqGyuSTcTxvu,Premiata Forneria Marconi,,,,spotify:artist:1MD5pgVzlusqGyuSTcTxvu,https://open.spotify.com/artist/1MD5pgVzlusqGyuSTcTxvu
6v8FB84lnmJs434UJf2Mrm,Neil Young,,,,spotify:artist:6v8FB84lnmJs434UJf2Mrm,https://open.spotify.com/artist/6v8FB84lnmJs434UJf2Mrm
5K4W6rqBFWDnAN6FQUkS6x,Kanye West,,,,spotify:artist:5K4W6rqBFWDnAN6FQUkS6x,https://open.spotify.com/artist/5K4W6rqBFWDnAN6FQUkS6x
0n2Uel3CvQrmMsYLEfpO3s,Nektar,,,,spotify:artist:0n2Uel3CvQrmMsYLEfpO3s,https://open.spotify.com/artist/0n2Uel3CvQrmMsYLEfpO3s
3pIi2neKji6b1PJoNc2DM1,Kebnekajse,,,,spotify:artist:3pIi2neKji6b1PJoNc2DM1,https://open.spotify.com/artist/3pIi2neKji6b1PJoNc2DM1
27a0GiCba9K9lnkKidroFU,Canned Heat,,,,spotify:artist:27a0GiCba9K9lnkKidroFU,https://open.spotify.com/artist/27a0GiCba9K9lnkKidroFU
4Extuk13JWlHLgxlz5DBIl,Semiramis,,,,spotify:artist:4Extuk13JWlHLgxlz5DBIl,https://open.spotify.com/artist/4Extuk13JWlHLgxlz5DBIl
4ABwY5eHGrrwcv13gdDe55,Pop X,,,,spotify:artist:4ABwY5eHGrrwcv13gdDe55,https://open.spotify.com/artist/4ABwY5eHGrrwcv13gdDe55
3Ao7NH7lRyQAeKQg2mlTcO,Mahavishnu Orchestra,,,,spotify:artist:3Ao7NH7lRyQAeKQg2mlTcO,https://open.spotify.com/artist/3Ao7NH7lRyQAeKQg2mlTcO
16Uqo1jjtPiKI4zU1Ficgb,Scale The Summit,,,,spotify:artist:16Uqo1jjtPiKI4zU1Ficgb,https://open.spotify.com/artist/16Uqo1jjtPiKI4zU1Ficgb
2aSciQve2zNJERGB9yLluB,Steampacket,,,,spotify:artist:2aSciQve2zNJERGB9yLluB,https://open.spotify.com/artist/2aSciQve2zNJERGB9yLluB
6UUrUCIZtQeOf8tC0WuzRy,Sigur Rós,,,,spotify:artist:6UUrUCIZtQeOf8tC0WuzRy,https://open.spotify.com/artist/6UUrUCIZtQeOf8tC0WuzRy
5FWTu1MZdB5fjKif2rZldJ,Easy Star All-Stars,,,,spotify:artist:5FWTu1MZdB5fjKif2rZldJ,https://open.spotify.com/artist/5FWTu1MZdB5fjKif2rZldJ
2ScuQMRWThcifBRIvNDFDC,John Mayall & The Bluesbreakers,,,,spotify:artist:2ScuQMRWThcifBRIvNDFDC,https://open.spotify.com/artist/2ScuQMRWThcifBRIvNDFDC
5NGO30tJxFlKixkPSgXcFE,The Police,,,,spotify:artist:5NGO30tJxFlKixkPSgXcFE,https://open.spotify.com/artist/5NGO30tJxFlKixkPSgXcFE
6ykfXAed2KOLOMI3R0TZdz,Art Blakey & The Jazz Messengers,,,,spotify:artist:6ykfXAed2KOLOMI3R0TZdz,https://open.spotify.com/artist/6ykfXAed2KOLOMI3R0TZdz
3IbqRfvnvj5C22pHD38KXI,Lhasa De Sela,,,,spotify:artist:3IbqRfvnvj5C22pHD38KXI,https://open.spotify.com/artist/3IbqRfvnvj5C22pHD38KXI
44NX2ffIYHr6D4n7RaZF7A,Van Morrison,,,,spotify:artist:44NX2ffIYHr6D4n7RaZF7A,https://open.spotify.com/artist/44NX2ffIYHr6D4n7RaZF7A
7nkLRaWHImCvWGHdNGnhVE,Ten Years After,,,,spotify:artist:7nkLRaWHImCvWGHdNGnhVE,https://open.spotify.com/artist/7nkLRaWHImCvWGHdNGnhVE
05YVYeV4HxYp5rrWalvuE1,"Grover Washington, Jr.",,,,spotify:artist:05YVYeV4HxYp5rrWalvuE1,https://open.spotify.com/artist/05YVYeV4HxYp5rrWalvuE1
4vpDg7Y7fU982Ds30zawDA,The Band,,,,spotify:artist:4vpDg7Y7fU982Ds30zawDA,https://open.spotify.com/artist/4vpDg7Y7fU982Ds30zawDA
7DeuppKQdCVhuWrzzCBBpc,Hiromi,,,,spotify:artist:7DeuppKQdCVhuWrzzCBBpc,https://open.spotify.com/artist/7DeuppKQdCVhuWrzzCBBpc
2F9WG9ugzneeesOZfmQ18V,Shubh Saran,,,,spotify:artist:2F9WG9ugzneeesOZfmQ18V,https://open.spotify.com/artist/2F9WG9ugzneeesOZfmQ18V
0J2Ej2rMQyqaUX3G6MUISw,Ambrosia,,,,spotify:artist:0J2Ej2rMQyqaUX3G6MUISw,https://open.spotify.com/artist/0J2Ej2rMQyqaUX3G6MUISw
0kbYTNQb4Pb1rPbbaF0pT4,Miles Davis,,,,spotify:artist:0kbYTNQb4Pb1rPbbaF0pT4,https://open.spotify.com/artist/0kbYTNQb4Pb1rPbbaF0pT4
1UAY1hWd5x69hPVXMXIeri,Murubutu,,,,spotify:artist:1UAY1hWd5x69hPVXMXIeri,https://open.spotify.com/artist/1UAY1hWd5x69hPVXMXIeri
2cbWJP4X5b9sKEDW80uc5r,Diablo Swing Orchestra,,,,spotify:artist:2cbWJP4X5b9sKEDW80uc5r,https://open.spotify.com/artist/2cbWJP4X5b9sKEDW80uc5r
0rvjqX7ttXeg3mTy8Xscbt,Journey,,,,spotify:artist:0rvjqX7ttXeg3mTy8Xscbt,https://open.spotify.com/artist/0rvjqX7ttXeg3mTy8Xscbt
4TbQ2MpPMZfOWTcm6c5RaA,Ilya Beshevli,,,,spotify:artist:4TbQ2MpPMZfOWTcm6c5RaA,https://open.spotify.com/artist/4TbQ2MpPMZfOWTcm6c5RaA
70cRZdQywnSFp9pnc2WTCE,Simon & Garfunkel,,,,spotify:artist:70cRZdQywnSFp9pnc2WTCE,https://open.spotify.com/artist/70cRZdQywnSFp9pnc2WTCE
4B24vIGjSTlPd5bzWnwKJV,Desert Vows,,,,spotify:artist:4B24vIGjSTlPd5bzWnwKJV,https://open.spotify.com/artist/4B24vIGjSTlPd5bzWnwKJV
2aaqAABE0rDT5kHKkbaAgu,Kyotaro&Rikuo,,,,spotify:artist:2aaqAABE0rDT5kHKkbaAgu,https://open.spotify.com/artist/2aaqAABE0rDT5kHKkbaAgu
3iCJOi5YKh247eutgCyLFe,I See Stars,,,,spotify:artist:3iCJOi5YKh247eutgCyLFe,https://open.spotify.com/artist/3iCJOi5YKh247eutgCyLFe
4Z8W4fKeB5YxbusRsdQVPb,Radiohead,,,,spotify:artist:4Z8W4fKeB5YxbusRsdQVPb,https://open.spotify.com/artist/4Z8W4fKeB5YxbusRsdQVPb
5zeiqAaIiDrjiDch33A2lT,Popol Vuh,,,,spotify:artist:5zeiqAaIiDrjiDch33A2lT,https://open.spotify.com/artist/5zeiqAaIiDrjiDch33A2lT
4lnugk6aRmkJhoWH7zRH8I,Bondage Fairies,,,,spotify:artist:4lnugk6aRmkJhoWH7zRH8I,https://open.spotify.com/artist/4lnugk6aRmkJhoWH7zRH8I
2P6ygesd9xg5DPOBnda2jg,Arvo Pärt,,,,spotify:artist:2P6ygesd9xg5DPOBnda2jg,https://open.spotify.com/artist/2P6ygesd9xg5DPOBnda2jg
5zU5MAgXh6Lcs3FY2KSFNQ,Linda Lyndell,,,,spotify:artist:5zU5MAgXh6Lcs3FY2KSFNQ,https://open.spotify.com/artist/5zU5MAgXh6Lcs3FY2KSFNQ
3kC7VaScP8y69rzg0vsswQ,L'Arpeggiata,,,,spotify:artist:3kC7VaScP8y69rzg0vsswQ,https://open.spotify.com/artist/3kC7VaScP8y69rzg0vsswQ
0FI0kxP0BWurTz8cB8BBug,Mark Knopfler,,,,spotify:artist:0FI0kxP0BWurTz8cB8BBug,https://open.spotify.com/artist/0FI0kxP0BWurTz8cB8BBug
1R6Hx1tJ2VOUyodEpC12xM,Jim Croce,,,,spotify:artist:1R6Hx1tJ2VOUyodEpC12xM,https://open.spotify.com/artist/1R6Hx1tJ2VOUyodEpC12xM
4vGrte8FDu062Ntj0RsPiZ,Polyphia,,,,spotify:artist:4vGrte8FDu062Ntj0RsPiZ,https://open.spotify.com/artist/4vGrte8FDu062Ntj0RsPiZ
2graYi1dMY9sdPLIZNV2bq,Wang Wen,,,,spotify:artist:2graYi1dMY9sdPLIZNV2bq,https://open.spotify.com/artist/2graYi1dMY9sdPLIZNV2bq
1uvnDqn7UvVy6orSq1E2YF,Sungazer,,,,spotify:artist:1uvnDqn7UvVy6orSq1E2YF,https://open.spotify.com/artist/1uvnDqn7UvVy6orSq1E2YF
5cYQN4cYERoObzjv0lbejX,Trio Of Doom,,,,spotify:artist:5cYQN4cYERoObzjv0lbejX,https://open.spotify.com/artist/5cYQN4cYERoObzjv0lbejX
3od5Mdj7OgLATvDkDynmHH,The World's Greatest Jazz Band,,,,spotify:artist:3od5Mdj7OgLATvDkDynmHH,https://open.spotify.com/artist/3od5Mdj7OgLATvDkDynmHH
3WggbHDpj4rPKbL97zG5MQ,Tortoise,,,,spotify:artist:3WggbHDpj4rPKbL97zG5MQ,https://open.spotify.com/artist/3WggbHDpj4rPKbL97zG5MQ
0mXTJETA4XUa12MmmXxZJh,Eddie Vedder,,,,spotify:artist:0mXTJETA4XUa12MmmXxZJh,https://open.spotify.com/artist/0mXTJETA4XUa12MmmXxZJh
5kvvBH4RXDE84Xuu7y2BgN,Ciconia,,,,spotify:artist:5kvvBH4RXDE84Xuu7y2BgN,https://open.spotify.com/artist/5kvvBH4RXDE84Xuu7y2BgN
7jefIIksOi1EazgRTfW2Pk,Electric Light Orchestra,,,,spotify:artist:7jefIIksOi1EazgRTfW2Pk,https://open.spotify.com/artist/7jefIIksOi1EazgRTfW2Pk
6fBF4MULW5yMzyGaon1kUt,John Butler Trio,,,,spotify:artist:6fBF4MULW5yMzyGaon1kUt,https://open.spotify.com/artist/6fBF4MULW5yMzyGaon1kUt
1V4jsLjkic1Mxvdke86Qth,The Aristocrats,,,,spotify:artist:1V4jsLjkic1Mxvdke86Qth,https://open.spotify.com/artist/1V4jsLjkic1Mxvdke86Qth
6pmxr66tMAePxzOLfjGNcX,Beirut,,,,spotify:artist:6pmxr66tMAePxzOLfjGNcX,https://open.spotify.com/artist/6pmxr66tMAePxzOLfjGNcX
1nJvji2KIlWSseXRSlNYsC,The Velvet Underground,,,,spotify:artist:1nJvji2KIlWSseXRSlNYsC,https://open.spotify.com/artist/1nJvji2KIlWSseXRSlNYsC
5INjqkS1o8h1imAzPqGZBb,Tame Impala,,,,spotify:artist:5INjqkS1o8h1imAzPqGZBb,https://open.spotify.com/artist/5INjqkS1o8h1imAzPqGZBb
2rc78XDH9zuJP6bm78lU8Z,Derek & The Dominos,,,,spotify:artist:2rc78XDH9zuJP6bm78lU8Z,https://open.spotify.com/artist/2rc78XDH9zuJP6bm78lU8Z
1aSxMhuvixZ8h9dK9jIDwL,Kate Bush,,,,spotify:artist:1aSxMhuvixZ8h9dK9jIDwL,https://open.spotify.com/artist/1aSxMhuvixZ8h9dK9jIDwL
7GVByFFfFJYCzK4d8ZyL6s,We Lost The Sea,,,,spotify:artist:7GVByFFfFJYCzK4d8ZyL6s,https://open.spotify.com/artist/7GVByFFfFJYCzK4d8ZyL6s
6kBDZFXuLrZgHnvmPu9NsG,Aphex Twin,,,,spotify:artist:6kBDZFXuLrZgHnvmPu9NsG,https://open.spotify.com/artist/6kBDZFXuLrZgHnvmPu9NsG
2hl0xAkS2AIRAu23TVMBG1,Kansas,,,,spotify:artist:2hl0xAkS2AIRAu23TVMBG1,https://open.spotify.com/artist/2hl0xAkS2AIRAu23TVMBG1
1U0FaHAc4fcwQcYEJFgkm9,Balmorhea,,,,spotify:artist:1U0FaHAc4fcwQcYEJFgkm9,https://open.spotify.com/artist/1U0FaHAc4fcwQcYEJFgkm9
3cgIU3hh7Y4pUsPgHB8aYT,Toundra,,,,spotify:artist:3cgIU3hh7Y4pUsPgHB8aYT,https://open.spotify.com/artist/3cgIU3hh7Y4pUsPgHB8aYT
61WO6LDcKTq9ucQuXVFHv5,Olbaid,,,,spotify:artist:61WO6LDcKTq9ucQuXVFHv5,https://open.spotify.com/artist/61WO6LDcKTq9ucQuXVFHv5
42TFhl7WlMRXiNqzSrnzPL,Lou Reed,,,,spotify:artist:42TFhl7WlMRXiNqzSrnzPL,https://open.spotify.com/artist/42TFhl7WlMRXiNqzSrnzPL
6DVVsQAnpHdJjb1nYuOQ6g,65daysofstatic,,,,spotify:artist:6DVVsQAnpHdJjb1nYuOQ6g,https://open.spotify.com/artist/6DVVsQAnpHdJjb1nYuOQ6g
4AGNJdJiVltImYk1UTLE0K,Sports,,,,spotify:artist:4AGNJdJiVltImYk1UTLE0K,https://open.spotify.com/artist/4AGNJdJiVltImYk1UTLE0K
6twIAGnYuIT1pncMAsXnEm,Commodores,,,,spotify:artist:6twIAGnYuIT1pncMAsXnEm,https://open.spotify.com/artist/6twIAGnYuIT1pncMAsXnEm
5yn8jrJH5Z5PaGFStNUvgR,The Omnific,,,,spotify:artist:5yn8jrJH5Z5PaGFStNUvgR,https://open.spotify.com/artist/5yn8jrJH5Z5PaGFStNUvgR
4SXj7TVoA3bgfR8AVssACa,Caspian,,,,spotify:artist:4SXj7TVoA3bgfR8AVssACa,https://open.spotify.com/artist/4SXj7TVoA3bgfR8AVssACa
0LGX3mkYo7ckQz4JyZrifu,Jardín de la Croix,,,,spotify:artist:0LGX3mkYo7ckQz4JyZrifu,https://open.spotify.com/artist/0LGX3mkYo7ckQz4JyZrifu
1HutXhQX90cr1DaICbauBe,Cuzco,,,,spotify:artist:1HutXhQX90cr1DaICbauBe,https://open.spotify.com/artist/1HutXhQX90cr1DaICbauBe
6rAZ6OYwAXqykSlPxqGy8E,Penguin Cafe Orchestra,,,,spotify:artist:6rAZ6OYwAXqykSlPxqGy8E,https://open.spotify.com/artist/6rAZ6OYwAXqykSlPxqGy8E
3Uz6jx81OY2J5K8Z4wmy2P,Camel,,,,spotify:artist:3Uz6jx81OY2J5K8Z4wmy2P,https://open.spotify.com/artist/3Uz6jx81OY2J5K8Z4wmy2P
46iJ1VD4HKFnqjISGqlZkV,Covet,,,,spotify:artist:46iJ1VD4HKFnqjISGqlZkV,https://open.spotify.com/artist/46iJ1VD4HKFnqjISGqlZkV
3Gs10XJ4S4OEFrMRqZJcic,Plini,,,,spotify:artist:3Gs10XJ4S4OEFrMRqZJcic,https://open.spotify.com/artist/3Gs10XJ4S4OEFrMRqZJcic
0GbqW5TJr7n4is453VOY4C,Procol Harum,,,,spotify:artist:0GbqW5TJr7n4is453VOY4C,https://open.spotify.com/artist/0GbqW5TJr7n4is453VOY4C
0AI2um3PpFgOj7Yzmk2Xu0,Dead Meadow,,,,spotify:artist:0AI2um3PpFgOj7Yzmk2Xu0,https://open.spotify.com/artist/0AI2um3PpFgOj7Yzmk2Xu0
6NVzd3Lv9yMFIf1bsXNLIp,mouse on the keys,,,,spotify:artist:6NVzd3Lv9yMFIf1bsXNLIp,https://open.spotify.com/artist/6NVzd3Lv9yMFIf1bsXNLIp
0MG4LXIw7n4x0wjDc6WYXk,This Will Destroy You,,,,spotify:artist:0MG4LXIw7n4x0wjDc6WYXk,https://open.spotify.com/artist/0MG4LXIw7n4x0wjDc6WYXk
7qKMNwlACMZOUdMG3acwst,And So I Watch You from Afar,,,,spotify:artist:7qKMNwlACMZOUdMG3acwst,https://open.spotify.com/artist/7qKMNwlACMZOUdMG3acwst
2wAhd5q2L9v6Qlv6MTzdk3,TV Idols,,,,spotify:artist:2wAhd5q2L9v6Qlv6MTzdk3,https://open.spotify.com/artist/2wAhd5q2L9v6Qlv6MTzdk3
4NpFxQe2UvRCAjto3JqlSl,Greta Van Fleet,,,,spotify:artist:4NpFxQe2UvRCAjto3JqlSl,https://open.spotify.com/artist/4NpFxQe2UvRCAjto3JqlSl
3oglFEsE6GvwwJFConxKa5,Tristeza,,,,spotify:artist:3oglFEsE6GvwwJFConxKa5,https://open.spotify.com/artist/3oglFEsE6GvwwJFConxKa5
6PA6cOkr31WIibRMDZXZkU,Stage Kids,,,,spotify:artist:6PA6cOkr31WIibRMDZXZkU,https://open.spotify.com/artist/6PA6cOkr31WIibRMDZXZkU
0d1j4VJ7gzAJaDslzmjTF0,El Ten Eleven,,,,spotify:artist:0d1j4VJ7gzAJaDslzmjTF0,https://open.spotify.com/artist/0d1j4VJ7gzAJaDslzmjTF0
74ASZWbe4lXaubB36ztrGX,Bob Dylan,,,,spotify:artist:74ASZWbe4lXaubB36ztrGX,https://open.spotify.com/artist/74ASZWbe4lXaubB36ztrGX
6w6z8m4WXX7Tub4Rb6Lu7R,Jethro Tull,,,,spotify:artist:6w6z8m4WXX7Tub4Rb6Lu7R,https://open.spotify.com/artist/6w6z8m4WXX7Tub4Rb6Lu7R
470SGea4tIbGLTpKcYJfLx,Totorro,,,,spotify:artist:470SGea4tIbGLTpKcYJfLx,https://open.spotify.com/artist/470SGea4tIbGLTpKcYJfLx
6FlxhoUGATC40TALMesaFM,Vinicio Capossela,,,,spotify:artist:6FlxhoUGATC40TALMesaFM,https://open.spotify.com/artist/6FlxhoUGATC40TALMesaFM
5Pa0BjjSDSiWuak0O1PbHL,Francesco Guccini,,,,spotify:artist:5Pa0BjjSDSiWuak0O1PbHL,https://open.spotify.com/artist/5Pa0BjjSDSiWuak0O1PbHL
19HiWVd2g0XyJstBsbW2Qm,Fabrizio De André,,,,spotify:artist:19HiWVd2g0XyJstBsbW2Qm,https://open.spotify.com/artist/19HiWVd2g0XyJstBsbW2Qm
5eAWCfyUhZtHHtBdNk56l1,System Of A Down,,,,spotify:artist:5eAWCfyUhZtHHtBdNk56l1,https://open.spotify.com/artist/5eAWCfyUhZtHHtBdNk56l1
3WrFJ7ztbogyGnTHbHJFl2,The Beatles,,,,spotify:artist:3WrFJ7ztbogyGnTHbHJFl2,https://open.spotify.com/artist/3WrFJ7ztbogyGnTHbHJFl2
7M1FPw29m5FbicYzS2xdpi,King Crimson,,,,spotify:artist:7M1FPw29m5FbicYzS2xdpi,https://open.spotify.com/artist/7M1FPw29m5FbicYzS2xdpi
40DqL6Tv84cKT2pH2NMs9r,Roger Waters,,,,spotify:artist:40DqL6Tv84cKT2pH2NMs9r,https://open.spotify.com/artist/40DqL6Tv84cKT2pH2NMs9r
3CkvROUTQ6nRi9yQOcsB50,Genesis,,,,spotify:artist:3CkvROUTQ6nRi9yQOcsB50,https://open.spotify.com/artist/3CkvROUTQ6nRi9yQOcsB50
0k17h0D3J5VfsdmQ1iZtE9,Pink Floyd,,,,spotify:artist:0k17h0D3J5VfsdmQ1iZtE9,https://open.spotify.com/artist/0k17h0D3J5VfsdmQ1iZtE9
