genre,rel_sub,rel_inf,rel_fus
3-step,,amapiano,
3-step,,broken beat,
3-step,,deep house,
acholitronix,,edm,
acid breaks,,acid house,
acid jazz,,,funk
acid jazz,,,hip hop
acid jazz,,,jazz
acid jazz,,,soul
acid techno,,acid house,
acid trance,,acid house,
acidcore,,acid techno,
acoustic blues,jug band,,
adhunik geet,,ghazal,
adhunik geet,,hindustani classical,
afoxê,,,
afro house,,deep house,
afro house,,kwaito,
afro house,3-step,,
afro-zouk,,soukous,
afrobeat,,,funk
afrobeat,,,highlife
afrobeat,,,jazz
afrobeats,afropiano,,
afrobeats,alté,,
afropiano,,amapiano,
afroswing,,afrobeats,
afroswing,,contemporary r&b,
afroswing,,dancehall,
agbadza,,,
agbekor,,,
ahwash,,,
aita,,,
akishibu-kei,,shibuya-kei,
al jeel,,,
aleke,,,
algerian chaabi,,,
alloukou,,,
alpenrock,,,
alternative country,gothic country,,
alternative dance,,,alternative rock
alternative dance,,,dance
alternative dance,madchester,,
alternative dance,new rave,,
alternative metal,nu metal,,
alternative metal,neue deutsche härte,,
alternative metal,rap metal,,
alternative rock,britpop,,
alternative rock,dream pop,,
alternative rock,emo,,
alternative rock,grunge,,
alternative rock,grebo,,
alternative rock,indie rock,,
alternative rock,j-rock,,
alternative rock,lo-fi,,
alternative rock,post-grunge,,
alternative rock,post-britpop,,
alternative rock,shoegaze,,
alternative rock,geek rock,,
amapiano,,deep house,
amapiano,,gqom,
amapiano,,kwaito,
ambasse bey,,,
ambient,ambient americana,,
ambient,space ambient,,
ambient,tribal ambient,,
ambient,kankyō ongaku,,
ambient americana,,americana,
ambient dub,,,ambient
ambient dub,,,dub
ambient house,,ambient,
ambient noise wall,,ambient,
ambient plugg,,ambient,
ambient pop,,ambient,
ambient pop,,dream pop,
ambient techno,,ambient,
ambient trance,,ambient,
american gamelan,,,gamelan
american gamelan,,,modern classical
americana,,blues,
americana,,contemporary folk,
americana,,country,
amigacore,,gabber,
andalusian classical,malouf,,
anglican chant,,sarum chant,
animal sounds,whale song,,
animal sounds,birdsong,,
apala,,,
aquacrunk,,dubstep,
aquacrunk,,grime,
arabesk rap,,arabesk,
arrocha sertanejo,,,arrocha
arrocha sertanejo,,,sertanejo universitário
arrochadeira,,,arrocha
arrochadeira,,,pagodão
art song,lute song,,
art song,russian romance,,
art song,orchestral song,,
art song,mélodie,,
art song,lied,,
art song,spiritual art song,,
artcore,,western classical,
artcore,,drum and bass,
ashkenazi cantorial music,,western classical,
asmr,,,
assiko,,,
atmospheric drum and bass,,ambient,
atmospheric drum and bass,,ambient house,
audio documentary,,,
audio drama,,,
autonomic,,dubstep,
autonomic,,future garage,
avant-folk,,avant-garde,
avant-garde jazz,,avant-garde,
avant-garde jazz,free funk,,
avant-garde metal,,avant-garde,
avant-garde pop,,avant-garde,
avant-prog,,avant-garde,
avant-prog,zeuhl,,
avanzada,,,guarania
avanzada,,,polka paraguaya
avanzada,,bossa nova,
avanzada,,mpb,
avtorskaya pesnya,,russian romance,
axé,,,calypso
axé,,,forró
axé,,,frevo
axé,,,maracatu
axé,,,reggae
bacardi,,shangaan electro,
bachatón,,bachata,
baila,,,
baithak gana,,,
balearic trance,,balearic beat,
balinese gamelan,gamelan semar pegulingan,,
balinese gamelan,gamelan jegog,,
balinese gamelan,gamelan gong kebyar,,
balinese gamelan,gamelan gong gede,,
balinese gamelan,gamelan gender wayang,,
balinese gamelan,gamelan beleganjur,,
balinese gamelan,gamelan angklung,,
balinese gamelan,gamelan selunding,,
balinese gamelan,gamelan joged bumbung,,
balitaw,,,
ballad,latin ballad,,
ballad opera,,folk,
ballet,ballet de cour,,
ballet,comédie-ballet,,
baltimore club,,breakbeat,
baltimore club,,ghetto house,
baltimore club,,miami bass,
banda sinaloense,technobanda,,
bandari,,,
bandinha,,,
banga,,,
bantengan,,,
baqashot,,,
barber beats,,downtempo,
barber beats,,instrumental hip hop,
barber beats,,trip hop,
barbershop,jubilee,,
bard rock,,,avtorskaya pesnya
bard rock,,,rock
bardcore,,medieval,
baroque pop,,western classical,
bashment soca,,dancehall,
bassline,,house,
batidão romântico,,arrocha,
batidão romântico,,kizomba,
batonebi songs,iavnana,,
batucada,,,
batuque,,,
baul gaan,,,
beach music,,pop,
beach music,,soul,
beat bolha,,funk carioca,
beat music,,rock and roll,
beat music,group sounds,,
beat music,jovem guarda,,
beat music,nederbeat,,
beat music,merseybeat,,
beat rock,,new wave,
beat rock,,pop rock,
beat rock,,punk rock,
beatboxing,,hip hop,
beatdown hardcore,,tough guy hardcore,
bedoui wahrani,,malhun,
beijing opera,chinese revolutionary opera,,
belgian techno,,ebm,
belgian techno,,new beat,
belgian techno,,techno,
benna,,,
beompae,,,
berlin school,,krautrock,
bhajan,,,
bhangra,,,folk
bhangra,,,pop
bhavageethe,,,
big band,experimental big band,,
big room house,,,electro house
big room house,,,progressive house
big room trance,,big room house,
big room trance,,electro house,
big room trance,,tech trance,
biguine,,,bélé
biguine,,,polka
birmingham sound,,acid techno,
bit music,bytebeat,,
bit music,chiptune,,
bit music,fm synthesis,,
bit music,doskpop,,
bitpop,,,bit music
bitpop,,,pop
black 'n' roll,,hard rock,
black 'n' roll,,heavy metal,
black ambient,,black metal,
black metal,atmospheric black metal,,
black metal,depressive black metal,,
black metal,melodic black metal,,
black metal,pagan black metal,,
black metal,symphonic black metal,,
black metal,war metal,,
black metal,black 'n' roll,,
black metal,dissonant black metal,,
black noise,,black metal,
blackened crust,,black metal,
blackened death metal,,black metal,
blackgaze,,,black metal
blackgaze,,,shoegaze
blue-eyed soul,,pop,
bluegrass,bluegrass gospel,,
bluegrass,progressive bluegrass,,
bluegrass,traditional bluegrass,,
bluegrass gospel,,country gospel,
blues,african blues,,
blues,texas blues,,
blues,chicago blues,,
blues,acoustic blues,,
blues,british blues,,
blues,boogie-woogie,,
blues,,spirituals,
blues,country blues,,
blues,classic blues,,
blues,delta blues,,
blues,electric blues,,
blues,hill country blues,,
blues,jump blues,,
blues,louisiana blues,,
blues,modern blues,,
blues,new orleans blues,,
blues,piano blues,,
blues,soul blues,,
blues rock,boogie rock,,
blues rock,,,blues
blues rock,,,rock
bocet,,,
boduberu,,,
boedra,,,
bogino duu,,,
bolero,filin,,
bolero español,,,
bolero son,,,bolero
bolero son,,,son cubano
bolero-beat,,beat music,
bomba,,,
bomba del chota,,,
bongo flava,,muziki wa dansi,
bongo flava,,taarab,
boogaloo,,,jazz
boogaloo,,,r&b
boogaloo,,,son cubano
boogie,,funk,
boogie,,r&b,
bossa nova,,jazz,
bounce,sissy bounce,,
bouncy techno,,gabber,
bouyon,,,
boyfriend country,,contemporary r&b,
boyfriend country,,soft rock,
brass band,british brass band,,
brass band,dechovka,,
brazilian bass,,deep house,
brazilian bass,,tech house,
brazilian phonk,,beat bruxaria,
brazilian phonk,,phonk house,
brazilian phonk,,funk automotivo,
breakbeat,acid breaks,,
breakbeat,big beat,,
breakbeat,breakbeat hardcore,,
breakbeat,nu skool breaks,,
breakbeat,progressive breaks,,
breakbeat,breakbeat kota,,
breakbeat,florida breaks,,
breakbeat,west coast breaks,,
breakbeat,psybreaks,,
breakbeat,funky breaks,,
breakbeat hardcore,hardcore breaks,,
breakbeat hardcore,darkcore,,
breakbeat hardcore,jungle techno,,
breakbeat kota,,funkot,
breakbeat kota,jungle dutch,,
breakcore,,drum and bass,
breakcore,,jungle,
breakcore,lolicore,,
breakcore,mashcore,,
breakcore,,hardcore techno,
breakcore,raggacore,,
breaks,,,
breakstep,,breakbeat,
breakstep,,nu skool breaks,
breakstep,,techstep,
brega,brega calypso,,
brega,tecnobrega,,
brega calypso,,calypso,
brega calypso,,carimbó,
brega calypso,,lambada,
brega calypso,,ska,
brega funk,,,funk brasileiro
brega funk,,,tecnobrega
brega funk,batidão romântico,,
briddim,,riddim dubstep,
british blues,,chicago blues,
british blues,,electric blues,
british rhythm & blues,,rock,
bro-country,,hip hop,
bro-country,,r&b,
brostep,deathstep,,
brostep,colour bass,,
brostep,riddim dubstep,,
brostep,tearout brostep,,
brostep,,tearout,
brostep,briddim,,
brutal death metal,slam death metal,,
brutal prog,,punk,
bubblegum bass,,pop,
bubblegum dance,,bubblegum pop,
bubbling,,dancehall,
bubbling house,,,bubbling
bubbling house,,,house
buchiage trance,,eurobeat,
budget rock,,rock and roll,
budget rock,,surf rock,
budots,,house,
bullerengue,,,
burger-highlife,,disco,
burger-highlife,,funk,
burmese classical,,chinese classical,
burmese classical,,indian classical,
burmese mono,,,
burmese stereo,,psychedelic,
burning spirits,,heavy metal,
burrakatha,,,
byzantine chant,sticheron,,
byzantine chant,troparion,,
byzantine chant,kontakion,,
bérite club,,baltimore club,
bérite club,,gqom,
bérite club,,grime,
bérite club,,kuduro,
bérite club,,trap edm,
c-pop,cantopop,,
c-pop,mandopop,,
c-pop,zhongguo feng,,
c-pop,gufeng,,
c86,,jangle pop,
c86,,post-punk,
cachaca,,cumbia colombiana,
cachaca,,cumbia mexicana,
cachaca,,grupera,
cadence lypso,,,cadence rampa
cadence lypso,,,calypso
cakewalk,,,
calypso,calipso venezolano,,
campursari,,gamelan,
campus folk,,,
canción melódica,bolero-beat,,
canción melódica,música cebolla,,
candombe beat,,,beat music
candombe beat,,,candombe
cante alentejano,,,
canterbury scene,,jazz fusion,
canterbury scene,,jazz rock,
canto a lo poeta,,,
canto degli alpini,,,
cantoria,repente,,
cantu a chiterra,,,
cantu a tenore,,,
canzone d'autore,,chanson française,
canzone d'autore,,folk,
canzone neomelodica,,,canzone napoletana
canzone neomelodica,,,pop
caporal,,,
carnatic classical,konnakol,,
carnavalito,,,
carranga,,,
celtic,cape breton fiddling,,
celtic,irish folk,,
celtic electronica,,celtic,
celtic metal,,celtic,
celtic new age,,celtic,
celtic punk,,celtic,
celtic rock,,celtic,
central asian throat singing,kai,,
chachachá,,danzón,
chalga,,,dance-pop
chalga,,,folk
chamamé,,schottische,
chamamé,chamamé tropical,,
chamamé tropical,,cumbia,
chamarrita rioplatense,,chamarrita açoriana,
chamber pop,,baroque pop,
changa tuki,,techno,
changa tuki,,tribal house,
change ringing,,,
changjak gugak,,western classical,
changüí,,,
chanson française,chanson réaliste,,
chanson française,chanson à texte,,
chanson française,chanson québécoise,,
chanson québécoise,,folk,
chaozhou xianshi,,,
chap hop,,music hall,
chap hop,,nerdcore,
charanga,,son cubano,
chazzanut,ashkenazi cantorial music,,
chicago blues,acoustic chicago blues,,
chicago bop,,drill,
chicago house,,funk,
chicago house,,italo-disco,
chicago house,,synth-pop,
chicha,,guaracha,
chicha,,huayno,
chicha,,psychedelic rock,
chicha,,salsa,
children's music,lullaby,,
chilena,,cueca,
chillout,,,
chillstep,,downtempo,
chillsynth,,chillwave,
chillsynth,,synthwave,
chimurenga,,,
chinese classical,baisha xiyue,,
chinese classical,chinese opera,,
chinese classical,yayue,,
chinese classical,dongjing,,
chinese classical,nanguan,,
chinese classical,yanyue,,
chinese literati music,,,
chinese opera,beijing opera,,
chinese opera,cantonese opera,,
chinese opera,yue opera,,
chinese opera,korean revolutionary opera,,
chinese opera,henan opera,,
chinese opera,yangzhou opera,,
chinese opera,kunqu,,
chinese opera,sichuan opera,,
chipmunk soul,,soul,
chotis madrileño,,pasodoble,
chotis madrileño,,schottische,
christian rock,xian psych,,
christmas music,,,
church music,anglican chant,,
church music,plainchant,,
church music,byzantine chant,,
church music,zema,,
church music,russian orthodox liturgical music,,
chutney soca,,,chutney
chutney soca,,,soca
chöd,,,
cilokaq,,,
cinematic classical,,modern classical,
cinematic classical,,romantic classical,
city pop,neo-city pop,,
classic ragtime,,western classical,
classical,andalusian classical,,
classical,indian classical,,
classical,western classical,,
classical,islamic modal music,,
classical,persian classical,,
classical,sufiana kalam,,
classical,shashmaqam,,
classical,pìobaireachd,,
classical,guoyue,,
classical,southeast asian classical,,
classical,chinese classical,,
classical,vietnamese classical,,
classical,korean classical,,
classical,japanese classical,,
classical crossover,,western classical,
classical crossover,operatic pop,,
cloud rap,,chillwave,
cloud rap,,southern hip hop,
cloud rap,,witch house,
cocktail nation,,exotica,
cocktail nation,,lounge,
cocktail nation,,swing revival,
coco,embolada,,
coladeira,,morna,
colindă,,,
colour bass,,future bass,
colour bass,,melodic dubstep,
comedy,break-in,,
comedy,prank calls,,
comedy,standup comedy,,
comedy,sketch comedy,,
comedy hip hop,,comedy,
comedy hip hop,chap hop,,
comedy rock,,comedy,
comfy synth,,new age,
compas,,jazz,
compas,,mambo,
compas,,méringue,
comédie-ballet,,ballet de cour,
concert spiritual,,western classical,
concert spiritual,spiritual art song,,
concertina band,,british brass band,
concerto,concerto grosso,,
concerto,concerto for orchestra,,
conducted improvisation,,free improvisation,
conducted improvisation,,free jazz,
congolese rumba,,son cubano,
contemporary christian,praise & worship,,
contemporary christian,,jesus music,
contemporary classical,post-classical,,
contemporary country,neo-traditional country,,
contemporary folk,anti-folk,,
contemporary folk,american primitive guitar,,
contemporary folk,avant-folk,,
contemporary folk,alternative folk,,
contemporary folk,chamber folk,,
contemporary folk,filk,,
contemporary folk,indie folk,,
contemporary folk,neofolk,,
contemporary folk,psychedelic folk,,
contemporary folk,progressive folk,,
contemporary folk,neofolklore,,
contemporary folk,stomp and holler,,
contemporary folk,loner folk,,
contemporary r&b,hip hop soul,,
contemporary r&b,new jack swing,,
contemporary r&b,uk street soul,,
contemporary r&b,alternative r&b,,
contenance angloise,,,
contra,,,
coon song,,minstrelsy,
copla,,cuplé,
copla,,flamenco,
copla cajamarquina,,,
corrido,narcocorrido,,
cosmic country,,psychedelic rock,
country,alternative country,,
country,bluegrass,,
country,bakersfield sound,,
country,country yodeling,,
country,contemporary country,,
country,classic country,,
country,honky tonk,,
country,nashville sound,,
country,progressive country,,
country,red dirt,,
country,texas country,,
country,traditional country,,
country,truck driving country,,
country,western swing,,
country,western,,
country,urban cowboy,,
country and irish,,,country
country and irish,,,irish folk
country blues,piedmont blues,,
country boogie,,boogie-woogie,
country folk,,,contemporary folk
country folk,,,country
country gospel,,gospel,
country pop,bro-country,,
country pop,countrypolitan,,
country pop,,,country
country pop,,,pop
country pop,boyfriend country,,
country rap,,,country
country rap,,,hip hop
country rock,,,country
country rock,,,rock
country rock,cosmic country,,
country soul,,,country
country soul,,,soul
country yodeling,,traditional country,
coupé-décalé,,zouglou,
cowpunk,,country,
cowpunk,,rockabilly,
crack rock steady,,crust punk,
crack rock steady,,hardcore punk,
crossbreed,,,darkstep
crossbreed,,,hardcore techno
crossover thrash,,,hardcore punk
crossover thrash,,,thrash metal
cruise,,amapiano,
cruise,,gqom,
crunkcore,,,crunk
crunkcore,,,edm
crunkcore,,,post-hardcore
crust punk,blackened crust,,
crust punk,neocrust,,
crust punk,stenchcore,,
cubatón,reparto,,
cuddlecore,,garage rock,
cuddlecore,,power pop,
cueca,,zamacueca,
cueca,cueca brava,,
cumbia,cumbia argentina,,
cumbia,cumbia peruana,,
cumbia,cumbia mexicana,,
cumbia,nueva cumbia chilena,,
cumbia,cumbia colombiana,,
cumbia,cumbia chilena,,
cumbia,cumbia salvadoreña,,
cumbia,tecnocumbia,,
cumbia,cachaca,,
cumbia amazónica,,psychedelic rock,
cumbia amazónica,,surf rock,
cumbia argentina,cumbia turra,,
cumbia argentina,cumbia villera,,
cumbia argentina,cumbia santafesina,,
cumbia argentina,cumbia pop,,
cumbia mexicana,cumbia sonidera,,
cumbia mexicana,,rock and roll,
cumbia norteña mexicana,,cumbia mexicana,
cumbia peruana,,psychedelic rock,
cumbia peruana,cumbia amazónica,,
cumbia peruana,chicha,,
cumbia peruana,cumbia sureña peruana,,
cumbia peruana,cumbia norteña peruana,,
cumbia peruana,cumbia sanjuanera,,
cumbia pop,,latin pop,
cumbia salvadoreña,,xuc,
cumbia sanjuanera,,sanjuanito,
cumbia sonidera,cumbia rebajada,,
cumbia turra,,reggaeton,
cumbia villera,,cumbia peruana,
currulao,,,
cururu,,,
cyber metal,,aggrotech,
cyber metal,,ebm,
cyberpunk,,,
d-beat,,anarcho-punk,
d-beat,,metal,
d-beat,raw punk,,
dabke,,,
dance,eurodance,,
dance,eurobeat,,
dance,electro,,
dance-pop,,dance,
dance-pop,,disco,
dance-pop,tecnorumba,,
dance-pop,township bubblegum,,
dance-pop,romanian popcorn,,
dance-punk,,disco,
dance-punk,,funk,
dance-punk,dance-punk revival,,
dance-punk revival,,alternative dance,
dance-punk revival,,edm,
dance-punk revival,,hip hop,
dance-punk revival,,post-punk revival,
dance-rock,,boogie,
dance-rock,,post-punk,
dancehall,ragga,,
dancehall,shatta,,
dancehall,flex dance music,,
dancehall,zess,,
dancehall,gommance,,
dancehall,,deejay,
dancehall,trap dancehall,,
dangdut,koplo,,
dansband,,schlager,
dansband,,swing,
dansktop,,dansband,
dansktop,,schlager,
danzón,,habanera,
dariacore,,future bass,
dariacore,,jersey club,
dariacore,,nightcore,
dark ambient,black ambient,,
dark ambient,ritual ambient,,
dark cabaret,,cabaret,
dark disco,,disco,
dark disco,,ebm,
dark disco,,new beat,
dark electro,aggrotech,,
dark electro,,ebm,
dark folk,,ambient,
dark garage,,drum and bass,
dark garage,,dub,
dark jazz,,dark ambient,
dark psytrance,psycore,,
dark psytrance,hi-tech,,
dark wave,,new wave,
dark wave,,synth-pop,
dark wave,ethereal wave,,
dark wave,neoclassical dark wave,,
dark wave,neue deutsche todeskunst,,
darkcore edm,,gabber,
darkstep,skullstep,,
darksynth,,electro-industrial,
darksynth,,horror synth,
darksynth,,metal,
death 'n' roll,,hard rock,
death 'n' roll,,heavy metal,
death industrial,,dark ambient,
death industrial,,noise,
death industrial,,power electronics,
death metal,brutal death metal,,
death metal,blackened death metal,,
death metal,death 'n' roll,,
death metal,melodic death metal,,
death metal,old school death metal,,
death metal,technical death metal,,
death-doom metal,,death metal,
deathchant hardcore,,breakbeat hardcore,
deathchant hardcore,,gabber,
deathcore,,,death metal
deathcore,,,metalcore
deathgrind,,,death metal
deathgrind,,,grindcore
deathrock,,gothic rock,
deathstep,,metal,
deconstructed club,,post-industrial,
deep soul,,blues,
deep soul,,gospel,
deep tech,,speed garage,
deep tech,,uk garage,
dembow,,dancehall,
dembow,,hip hop,
demostyle,,,
dennery segment,,kuduro,
denpa,,j-pop,
denpa,,synth-pop,
denpa,moe song,,
descarga,,,
desert blues,,,blues rock
desert blues,,,folk
desgarrada,,,
dhaanto,,,
digicore,,edm,
digicore,,trap,
digital cumbia,,,cumbia argentina
digital cumbia,,,electronic
digital fusion,,bit music,
digital fusion,,jazz,
digital hardcore,,,hardcore punk
digital hardcore,,,hardcore techno
dikir barat,,,
dimotiko,,,
disco,boogie,,
disco,,funk,
disco,,philly soul,
disco,euro-disco,,
disco,electro-disco,,
disco,latin disco,,
disco polo,,,dance-pop
disco polo,,,folk
diva house,hardbag,,
dixieland,,blues,
dixieland,,ragtime,
djanba,,,
dobrado,,march,
dohori,,,
doina,,,
dondang sayang,,,
dongzu dage,,,
donosti sound,,twee pop,
doom metal,funeral doom metal,,
doom metal,traditional doom metal,,
doom metal,death-doom metal,,
doomgaze,,doom metal,
doomgaze,,drone metal,
doomgaze,,shoegaze,
doskpop,,italo-disco,
doskpop,,spacesynth,
downtempo,,ambient,
downtempo,trip hop,,
downtempo deathcore,,deathcore,
dream trance,,eurodance,
dream trance,,progressive house,
dreampunk,,ambient,
dreampunk,,progressive electronic,
dreamwave,,ambient,
dreamwave,,dream pop,
drift phonk,,memphis rap,
drill,,footwork,
drill,uk drill,,
drill,jersey drill,,
drill,chicago drill,,
drill,new york drill,,
drill,free car music,,
drill,philly drill,,
drone metal,,dark ambient,
drone metal,,drone,
drone metal,,noise,
drum and bass,dubwise,,
drum and bass,darkstep,,
drum and bass,drumstep,,
drum and bass,drill and bass,,
drum and bass,jungle,,
drum and bass,jump up,,
drum and bass,atmospheric drum and bass,,
drum and bass,jazzstep,,
drum and bass,liquid funk,,
drum and bass,minimal drum and bass,,
drum and bass,neurofunk,,
drum and bass,hardstep,,
drum and bass,techstep,,
drum and bass,trancestep,,
drum and bass,halftime,,
drum and bass,drumfunk,,
drum and bass,dancefloor drum and bass,,
drum and bass,deep drum and bass,,
drum and bass,technoid,,
drumstep,,brostep,
drumstep,,jump up,
dub,novo dub,,
dub poetry,,dub,
dub poetry,,reggae,
dub techno,,dub,
dubstep,brostep,,
dubstep,chillstep,,
dubstep,melodic dubstep,,
dubstep,dungeon sound,,
dubstep,purple sound,,
dubstep,tearout,,
dubstep,,dark garage,
dubstyle,,2-step,
dubstyle,,dubstep,
dubwise,,dub,
dubwise,,reggae,
duma,,,
dungeon chip,,bit music,
dungeon rap,,dungeon synth,
dungeon sound,,darkstep,
dungeon synth,,ambient,
dungeon synth,,black metal,
dungeon synth,dungeon chip,,
dungeon synth,comfy synth,,
dungeon synth,winter synth,,
dungeon synth,keller synth,,
dutch trancecore,,hard trance,
dutch trancecore,,psytrance,
eai,,electroacoustic,
early hardstyle,,hard trance,
eastern-style polka,,big band,
eastern-style polka,,jazz,
eastern-style polka,,swing,
easy listening,exotica,,
easy listening,lounge,,
easy listening,space age pop,,
easy listening,cocktail nation,,
ebm,,electronic,
ebm,,industrial,
ebm,new beat,,
edm,bubblegum bass,,
edm,breakcore,,
edm,bubbling,,
edm,coupé-décalé,,
edm,baltimore club,,
edm,deconstructed club,,
edm,electro latino,,
edm,future rave,,
edm,future bass,,
edm,funkot,,
edm,freestyle,,
edm,footwork,,
edm,grime,,
edm,ghettotech,,
edm,hands up,,
edm,hardcore techno,,
edm,hardstyle,,
edm,jungle terror,,
edm,kuduro,,
edm,lento violento,,
edm,moombahton,,
edm,moombahcore,,
edm,midtempo bass,,
edm,nortec,,
edm,shangaan electro,,
edm,singeli,,
edm,trap edm,,
edm,tribal guarachero,,
edm,techno,,
edm,balani show,,
edm,breakbeat,,
edm,broken beat,,
edm,drum and bass,,
edm,dubstep,,
edm,electroclash,,
edm,house,,
edm,rave,,
edm,trance,,
edm,uk garage,,
edm,uk funky,,
edm,spacesynth,,
edm,budots,,
edm,bérite club,,
edm,artcore,,
edm,nerdcore techno,,
edm,manyao,,
edm,hard drum,,
edm,jersey club,,
edm,footwork jungle,,
edm,philly club,,
edm,hard nrg,,
edm,jumpstyle,,
edm,glitch hop edm,,
edm,cruise,,
edm,dark disco,,
edm,ori deck,,
edm,dariacore,,
edm,aquacrunk,,
edm,hypertechno,,
edm,post-dubstep,,
edm,slimepunk,,
edm,melodic bass,,
edm,neo rave,,
edm,hardtekk,,
edm,toytown techno,,
electric blues,electric texas blues,,
electric blues,swamp blues,,
electric texas blues,,jazz,
electro,skweee,,
electro hop,,house,
electro hop,,southern hip hop,
electro house,complextro,,
electro house,french electro,,
electro house,fidget house,,
electro house,dutch house,,
electro house,melbourne bounce,,
electro latino,,bachata,
electro latino,,merengue,
electro swing,,,electronic
electro swing,,,swing
electro trance,,electro house,
electro trance,,tech trance,
electro-disco,,electronic,
electro-disco,hi-nrg,,
electro-disco,italo-disco,,
electro-disco,space disco,,
electro-disco,red disco,,
electro-industrial,dark electro,,
electro-industrial,,ebm,
electroacoustic,musique concrète,,
electroacoustic,acousmatic,,
electronic,algorave,,
electronic,bit music,,
electronic,experimental electronic,,
electronic,club,,
electronic,chillsynth,,
electronic,horror synth,,
electronic,dungeon synth,,
electronic,drift phonk,,
electronic,downtempo,,
electronic,electronica,,
electronic,edm,,
electronic,futurepop,,
electronic,funktronica,,
electronic,folktronica,,
electronic,flashcore,,
electronic,glitch,,
electronic,hexd,,
electronic,idm,,
electronic,illbient,,
electronic,indietronica,,
electronic,leftfield,,
electronic,minimal wave,,
electronic,microsound,,
electronic,nu jazz,,
electronic,nu disco,,
electronic,nightcore,,
electronic,psybient,,
electronic,progressive electronic,,
electronic,synthwave,,
electronic,seapunk,,
electronic,digital fusion,,
electronic,witch house,,
electronic,wave,,
electronic,vaporwave,,
electronic,moogsploitation,,
electronic,minatory,,
electronic,celtic electronica,,
electronic,black midi,,
electronic,sampledelia,,
electronic,graphical sound,,
electronic,krushclub,,
electronic rock,,,electronic
electronic rock,,,rock
electronicore,,,edm
electronicore,,,metalcore
electropop,,edm,
electropop,,synth-pop,
electropunk,,electronic,
electrotango,,,electronic
electrotango,,,nuevo tango
eletrofunk,,electro house,
emo,emocore,,
emo,midwest emo,,
emo pop,,,emo
emo pop,,,pop punk
emo rap,,,emo
emo rap,,,hip hop
emoviolence,,powerviolence,
english pastoral school,,folk,
enka,,ryūkōka,
epic collage,,deconstructed club,
epic collage,,sound collage,
epic doom metal,,heavy metal,
epic house,,progressive trance,
estrada,,,
ethereal wave,,dream pop,
ethereal wave,,gothic rock,
ethio-jazz,,folk,
euphoric hardstyle,,euro-trance,
euphoric hardstyle,,hands up,
euphoric hardstyle,,melodic trance,
euro-trance,,eurodance,
euro-trance,,hard trance,
eurobeat,,hi-nrg,
eurobeat,,italo-disco,
eurobeat,j-euro,,
eurodance,italo dance,,
eurodance,bubblegum dance,,
exotica,sitarsploitation,,
experimental,reductionism,,
experimental,noise,,
experimental,plunderphonics,,
experimental,sound collage,,
experimental,sound art,,
experimental,tape music,,
experimental,data sonification,,
experimental,conducted improvisation,,
experimental big band,,avant-garde jazz,
experimental electronic,electroacoustic,,
experimental hip hop,industrial hip hop,,
experimental rock,krautrock,,
experimental rock,no wave,,
fado,fado de coimbra,,
fakaseasea,,,
famo,,,
fandango,fandango caiçara,,
fantezi,,,
festival progressive house,,melodic trance,
fidget house,,breakbeat hardcore,
field recording,nature sounds,,
fife and drum blues,,fife and drum,
filin,,vocal jazz,
filipino rondalla,,,
filmi,,,
flamenco,nuevo flamenco,,
flamenco,rumba flamenca,,
flamenco,bulería,,
flamenco jazz,,,jazz
flamenco jazz,,,nuevo flamenco
flamenco pop,,copla,
flamenco pop,,flamenco,
flamenco pop,,rumba flamenca,
flashcore,,idm,
flashcore,,speedcore,
flex dance music,,edm,
florida breaks,,breakbeat hardcore,
florida breaks,,electro,
florida breaks,,house,
florida breaks,,miami bass,
florida breaks,,trance,
folk,appalachian folk,,
folk,bagad,,
folk,contemporary folk,,
folk,celtic,,
folk,neo-medieval folk,,
folk,old-time,,
folk,pagan folk,,
folk,scrumpy and western,,
folk,sutartinės,,
folk,seguidilla,,
folk,sevdalinka,,
folk,sevillanas,,
folk,stornello,,
folk,skiffle,,
folk,tajaraste,,
folk,talking blues,,
folk,tarantella,,
folk,yodeling,,
folk,waulking song,,
folk,visa,,
folk,fife and drum blues,,
folk,falak,,
folk,white voice,,
folk,néo-trad,,
folk,música criolla,,
folk,trampská hudba,,
folk,xuc,,
folk,biraha,,
folk,work song,,
folk,fijiri,,
folk,isa,,
folk,tonada asturiana,,
folk,new mexico music,,
folk,baguala,,
folk,ländlermusik,,
folk,scottish country dance music,,
folk,trikitixa,,
folk,turkish folk,,
folk,hungarian folk,,
folk,drinking song,,
folk,rabbit song,,
folk,nepali lok geet,,
folk,fahrtenlied,,
folk metal,celtic metal,,
folk metal,,folk,
folk metal,medieval metal,,
folk pop,,,contemporary folk
folk pop,,,pop
folk pop,manele,,
folk pop,tallava,,
folk pop,turbo-folk,,
folk punk,celtic punk,,
folk punk,,folk,
folk punk,rustic stomp,,
folk rock,british folk rock,,
folk rock,celtic rock,,
folk rock,,folk,
folk rock,medieval rock,,
folk rock,phleng phuea chiwit,,
folk rock,rock rural,,
folkhop,,bhangra,
folkhop,,hip hop,
folktronica,,folk,
football chant,,,
footwork,,ghetto house,
footwork,,hip hop,
footwork,,juke,
footwork jungle,,,drum and bass
footwork jungle,,,footwork
forest psytrance,,dark psytrance,
forró,forró eletrônico,,
forró,forró universitário,,
forró,,baião,
forró eletrônico,piseiro,,
forró eletrônico,forró de favela,,
forró universitário,,funk,
forró universitário,,rock,
frapcore,,gabber,
frapcore,,hip hop,
frat rock,,r&b,
frat rock,,rock and roll,
freakbeat,,beat music,
freakbeat,,british rhythm & blues,
freakbeat,,pop rock,
freakbeat,,psychedelic,
free folk,,american primitive guitar,
free folk,,drone,
free folk,,free improvisation,
free funk,,free jazz,
free funk,,funk,
free improvisation,eai,,
free improvisation,,free jazz,
free improvisation,,modern classical,
freeform hardcore,,hard trance,
freeform hardcore,,dutch trancecore,
freestyle,,dance-pop,
freestyle,,disco,
freestyle,,electro,
freestyle,,hip hop,
french electro,,electroclash,
french house,,disco,
french house,,funk,
frevo,,marchinha,
frevo,,maxixe,
frevo,frevo de rua,,
frevo,frevo de bloco,,
frevo,frevo-canção,,
frevo,frevo elétrico,,
frevo de bloco,,marchinha,
fuji,,,
full-on,night full-on,,
funaná,,,
funeral doom metal,,death-doom metal,
fungi,,,
funk,afro-funk,,
funk,brit funk,,
funk,deep funk,,
funk,electro-funk,,
funk,,jazz,
funk,,r&b,
funk,,soul,
funk,go-go,,
funk,latin funk,,
funk,porn groove,,
funk,p-funk,,
funk,synth funk,,
funk automotivo,,house,
funk brasileiro,arrocha funk,,
funk brasileiro,funk proibidão,,
funk brasileiro,funk ostentação,,
funk brasileiro,funk melody,,
funk brasileiro,funk mandelão,,
funk brasileiro,,electro,
funk brasileiro,,hip hop,
funk brasileiro,,miami bass,
funk brasileiro,rasteirinha,,
funk brasileiro,tamborzão,,
funk brasileiro,funk de bh,,
funk brasileiro,mega funk,,
funk brasileiro,funk carioca,,
funk brasileiro,eletrofunk,,
funk brasileiro,beat bolha,,
funk brasileiro,beat fino,,
funk brasileiro,trapfunk,,
funk brasileiro,funk consciente,,
funk carioca,,miami bass,
funk mandelão,beat bruxaria,,
funk mandelão,,edm,
funk mandelão,funk automotivo,,
funk mandelão,brazilian phonk,,
funk mandelão,ritmada,,
funk melody,,contemporary r&b,
funk melody,,dance-pop,
funk melody,,freestyle,
funk melody,,funk carioca,
funk metal,,,funk rock
funk metal,,,metal
funk ostentação,,pop rap,
funk proibidão,,funk carioca,
funk rock,,,funk
funk rock,,,rock
funknejo,,funk brasileiro,
funkot,,eurodance,
funkot,,koplo,
funkot,,trance,
funktronica,,italo-disco,
funktronica,,synth funk,
funky breaks,,big beat,
funky breaks,,funk,
funky breaks,,soul,
funky house,,funk,
fusion gugak,,,
future bass,future core,,
future bass,kawaii future bass,,
future bass,,trap edm,
future bass,,wonky,
future bounce,,,future house
future bounce,,,melbourne bounce
future core,,j-core,
future core,,kawaii future bass,
future funk,,vaporwave,
future garage,,2-step,
future house,,electro house,
future house,,garage house,
future house,,uk garage,
future rave,,melodic techno,
future rave,,peak time techno,
future rave,,tech house,
future riddim,,future bass,
future riddim,,melodic dubstep,
futurepop,,ebm,
futurepop,,synth-pop,
g-funk,,p-funk,
g-house,,hip hop,
gaana,,,
gabber,,acid house,
gabber,,new beat,
gabber,nu style gabber,,
gabber,dutch trancecore,,
gaelic psalm singing,,,
gaita zuliana,,,
gambang kromong,,gamelan,
gamelan,balinese gamelan,,
gamelan,javanese gamelan,,
gamelan,gamelan degung,,
gamelan,malay gamelan,,
gangsta rap,scam rap,,
gangsta rap,mafioso rap,,
gangsta rap,coke rap,,
garage house,,disco,
garage house,gospel house,,
garage psych,,psychedelic rock,
garage punk,,,garage rock
garage punk,,,punk rock
garage punk,budget rock,,
garage rock,garage rock revival,,
garage rock,frat rock,,
garage rock,garage psych,,
garage rock revival,,alternative rock,
garage rock revival,,indie rock,
garage rock revival,,post-punk,
garba,,,
geek rock,,new wave,
geek rock,,pop rock,
geek rock,,power pop,
genge,,dancehall,
genge,gengetone,,
gengetone,,reggaeton,
ghetto funk,,funk,
ghetto funk,,hip hop,
ghetto funk,,soul,
ghetto house,juke,,
ghettotech,,detroit techno,
ghettotech,,electro,
ghettotech,,ghetto house,
ghettotech,,miami bass,
ginan,,,
glam,,,
glam metal,,glam rock,
glam metal,sleaze rock,,
glam punk,,,glam rock
glam punk,,,proto-punk
glam rock,,pop rock,
glam rock,,rock and roll,
glitch hop,,,hip hop
glitch hop,,,idm
glitch hop edm,,brostep,
glitch hop edm,,electro house,
glitch hop edm,,glitch hop,
glitch hop edm,neurohop,,
glitch hop edm,ghetto funk,,
glitch pop,,glitch,
glitch pop,,idm,
glitch pop,,pop,
gnawa,,,
go-go,bounce beat,,
goa trance,nitzhonot,,
gommance,,afro trap,
gommance,,reggaeton,
gondang,,,
goombay,,,
goregrind,gorenoise,,
goregrind,,death metal,
goregrind,pornogrind,,
gorenoise,,noise,
gospel,contemporary gospel,,
gospel,sacred steel,,
gospel,,spirituals,
gospel,southern gospel,,
gospel,traditional black gospel,,
gospel,urban contemporary gospel,,
gospel,praise break,,
gospel house,,gospel,
gospel house,,spirituals,
gothic,,,
gothic metal,,gothic rock,
gothic rock,,post-punk,
gqom,,kwaito,
grebo,,alternative dance,
grebo,,hip hop,
grebo,,punk rock,
gregorian chant,sarum chant,,
grime,,2-step,
grime,,drum and bass,
grime,,hip hop,
grime,,jungle,
grime,weightless,,
grindcore,cybergrind,,
grindcore,,,hardcore punk
grindcore,,,metal
grindcore,goregrind,,
grindcore,mincecore,,
grindcore,,thrashcore,
grindcore,noisegrind,,
griot,,,
groove metal,,thrash metal,
group sounds,,eleki,
gstanzl,,,
guajira,,punto,
guangdong yinyue,,cantonese opera,
guangdong yinyue,,quyi,
guaracha,,jácara,
guaracha edm,,cumbia,
guaracha santiagueña,,,chacarera
guaracha santiagueña,,,chamamé
guaracha santiagueña,,cuarteto,
guaracha santiagueña,,cumbia,
guayla,,,
gufeng,,zhongguo feng,
gumbe,,,
gypsy jazz,,folk,
gypsy punk,,folk,
gypsy punk,,klezmer,
għana,,,
halftime,,dubstep,
halftime,,neurofunk,
halftime,,wonky,
hambo,,,
hamburger schule,,neue deutsche welle,
hamburger schule,,pop,
hamburger schule,,punk rock,
hands up,,euro-trance,
hands up,,eurodance,
hands up,buchiage trance,,
hanmai,,,
hapa haole,,jazz,
hapa haole,,traditional pop,
happy hardcore,bouncy techno,,
happy hardcore,uk hardcore,,
harana,,habanera,
harana,,mariachi,
harawi,,,
hard beat,,ebm,
hard beat,,industrial,
hard bop,,bebop,
hard bop,,gospel,
hard bop,,r&b,
hard drum,,tribal house,
hard drum,,uk funky,
hard house,hardbass,,
hard house,donk,,
hard house,,acid house,
hard house,,bouncy techno,
hard house,,breakbeat hardcore,
hard house,,hardbag,
hard house,,hi-nrg,
hard nrg,,hard house,
hard nrg,,hi-nrg,
hard nrg,,trance,
hard renaissance,,artcore,
hard renaissance,,western classical,
hard rock,glam metal,,
hard rock,,acid rock,
hard rock,,blues rock,
hard rock,stoner rock,,
hard rock,rock kapak,,
hard techno,,acid techno,
hard trance,,acid trance,
hard trap,,hardstyle,
hardbag,,euro house,
hardcore breaks,,drum and bass,
hardcore breaks,,dubstep,
hardcore breaks,,footwork,
hardcore hip hop,britcore,,
hardcore hip hop,memphis rap,,
hardcore hip hop,chopper,,
hardcore punk,burning spirits,,
hardcore punk,beatdown hardcore,,
hardcore punk,crust punk,,
hardcore punk,d-beat,,
hardcore punk,melodic hardcore,,
hardcore punk,noisecore,,
hardcore punk,powerviolence,,
hardcore punk,sasscore,,
hardcore punk,street punk,,
hardcore punk,thrashcore,,
hardcore punk,uk82,,
hardcore punk,christian hardcore,,
hardcore punk,tough guy hardcore,,
hardcore techno,belgian techno,,
hardcore techno,doomcore,,
hardcore techno,frenchcore,,
hardcore techno,freeform hardcore,,
hardcore techno,gabber,,
hardcore techno,happy hardcore,,
hardcore techno,,techno,
hardcore techno,industrial hardcore,,
hardcore techno,j-core,,
hardcore techno,speedcore,,
hardcore techno,terrorcore,,
hardcore techno,uptempo hardcore,,
hardcore techno,acidcore,,
hardcore techno,modern hardtek,,
hardcore techno,powerstomp,,
hardcore techno,hyper techno,,
hardcore techno,deathchant hardcore,,
hardcore techno,darkcore edm,,
hardcore techno,amigacore,,
hardcore techno,,hard beat,
hardcore techno,frapcore,,
hardgroove techno,,tech house,
hardstyle,,gabber,
hardstyle,,hard trance,
hardstyle,,hardcore techno,
hardstyle,euphoric hardstyle,,
hardstyle,rawstyle,,
hardstyle,psystyle,,
hardstyle,dubstyle,,
hardstyle,nustyle,,
hardstyle,early hardstyle,,
hardtekk,,hard techno,
hardtekk,,hardstyle,
hardvapour,,hardcore techno,
hardvapour,,idm,
hardvapour,,techno,
hardwave,,hardstyle,
hardwave,,trance,
hardwave,,trap edm,
harsh noise,harsh noise wall,,
harsh noise,cut-up noise,,
harsh noise wall,ambient noise wall,,
hauntology,,ambient,
heartland rock,,contemporary folk,
heartland rock,,country rock,
heartland rock,,pop rock,
heartland rock,,singer-songwriter,
heaven trap,,festival progressive house,
heaven trap,,melodic dubstep,
heavy metal,,hard rock,
heavy metal,nwobhm,,
heavy metal,speed metal,,
heavy metal,us power metal,,
heavy psych,,blues rock,
heavy psych,,hard rock,
hexd,,cloud rap,
hexd,,edm,
hexd,,trap,
hexd,,vaporwave,
hi-tech,,full-on,
hi-tech full-on,,complextro,
hi-tech full-on,,full-on,
highlife,burger-highlife,,
himene tarava,,,
hindustani classical,dhrupad,,
hindustani classical,khyal,,
hindustani classical,thumri,,
hindustani classical,natya sangeet,,
hindustani classical,abhang,,
hindustani classical,tappa,,
hindustani classical,tarana,,
hindustani classical,klasik,,
hip hop,arabesk rap,,
hip hop,alternative hip hop,,
hip hop,afroswing,,
hip hop,afro trap,,
hip hop,abstract hip hop,,
hip hop,bounce,,
hip hop,boom bap,,
hip hop,bongo flava,,
hip hop,battle rap,,
hip hop,crunk,,
hip hop,conscious hip hop,,
hip hop,comedy hip hop,,
hip hop,cloud rap,,
hip hop,christian hip hop,,
hip hop,chopped and screwed,,
hip hop,chipmunk soul,,
hip hop,chicano rap,,
hip hop,drumless hip hop,,
hip hop,digicore,,
hip hop,experimental hip hop,,
hip hop,east coast hip hop,,
hip hop,genge,,
hip hop,gangsta rap,,
hip hop,g-funk,,
hip hop,hardcore hip hop,,
hip hop,,disco,
hip hop,,funk,
hip hop,,reggae,
hip hop,hiplife,,
hip hop,horrorcore,,
hip hop,hyphy,,
hip hop,instrumental hip hop,,
hip hop,jerk rap,,
hip hop,jazz rap,,
hip hop,mobb music,,
hip hop,miami bass,,
hip hop,nerdcore,,
hip hop,old school hip hop,,
hip hop,punk rap,,
hip hop,pop rap,,
hip hop,political hip hop,,
hip hop,phonk,,
hip hop,southern hip hop,,
hip hop,snap,,
hip hop,trap,,
hip hop,turntablism,,
hip hop,west coast hip hop,,
hip hop,underground hip hop,,
hip hop,hipco,,
hip hop,lowend,,
hip hop,ratchet music,,
hip hop,jersey club rap,,
hip hop,jerk,,
hip hop,philly club rap,,
hip hop,stoner rap,,
hip hop,houston sound,,
hip hop,samba rap,,
hip hop soul,,hip hop,
hip hop soul,,new jack swing,
hip house,,hip hop,
hiplife,,highlife,
holy minimalism,,church music,
hopepunk,,,
hornpipe,,,
house,ambient house,,
house,amapiano,,
house,acid house,,
house,big room house,,
house,bass house,,
house,balearic beat,,
house,diva house,,
house,deep house,,
house,euro house,,
house,electro house,,
house,future house,,
house,future funk,,
house,funky house,,
house,french house,,
house,gqom,,
house,ghetto house,,
house,garage house,,
house,hard house,,
house,hip house,,
house,,disco,
house,italo house,,
house,kwaito,,
house,microhouse,,
house,outsider house,,
house,progressive house,,
house,tech house,,
house,tribal house,,
house,tropical house,,
house,speed house,,
house,vocal house,,
house,festival progressive house,,
house,vinahouse,,
house,latin house,,
house,g-house,,
house,jersey sound,,
house,brazilian bass,,
house,slap house,,
house,future bounce,,
house,chicago house,,
house,ballroom house,,
house,afro house,,
house,organic house,,
house,changa tuki,,
house,melodic house,,
house,uk jackin,,
house,jackin house,,
house,phonk house,,
house,stutter house,,
house,jazz house,,
houston sound,,chopped and screwed,
huapango,,,
huaylarsh,,,
huayno,chimayche,,
huayno,chuscada,,
huayno,huayno con arpa,,
huayno con arpa,,chicha,
humppa,,jazz,
hungarian folk,csárdás,,
hungarian folk,nóta,,
hungarian folk,pásztordal,,
hybrid trap,,brostep,
hyper techno,,belgian techno,
hyperpop,,bubblegum bass,
hyperpop,,dance-pop,
hyperpop,,electropop,
hypnagogic pop,,neo-psychedelia,
hypnagogic pop,,new age,
hypnagogic pop,,synth-pop,
hát tuồng,,chinese opera,
idm,drill and bass,,
idol kayō,,pop,
idol kayō,,pop rock,
idol kayō,,vocal jazz,
illbient,,ambient,
illbient,,dub,
illbient,,hip hop,
indian classical,carnatic classical,,
indian classical,hindustani classical,,
indian classical,odissi classical,,
indian pop,bhojpuri pop,,
indie folk,,indie rock,
indie pop,bedroom pop,,
indie pop,c86,,
indie pop,chamber pop,,
indie pop,donosti sound,,
indie pop,twee pop,,
indie pop,tontipop,,
indie rock,dunedin sound,,
indie rock,hamburger schule,,
indie rock,,pop,
indie rock,indie surf,,
indie rock,noise pop,,
indie rock,slacker rock,,
indie rock,slowcore,,
indie surf,,surf rock,
indietronica,chillwave,,
indietronica,glitch pop,,
indietronica,,indie pop,
indo jazz,,indian classical,
industrial,death industrial,,
industrial,electro-industrial,,
industrial,,krautrock,
industrial,,musique concrète,
industrial,,noise,
industrial,post-industrial,,
industrial hardcore,,gabber,
industrial hardcore,,industrial,
industrial hardcore,,power noise,
industrial hip hop,,industrial,
industrial metal,cyber metal,,
industrial metal,,,industrial
industrial metal,,,metal
industrial rock,,,industrial
industrial rock,,,rock
industrial rock,machine rock,,
industrial techno,,industrial,
industrial techno,birmingham sound,,
instrumental,,,
instrumental hip hop,lo-fi hip hop,,
irish folk,sean-nós,,
isicathamiya,,mbube,
islamic modal music,mugham,,
islamic modal music,sawt,,
islamic modal music,iraqi maqam,,
islamic modal music,turkish classical,,
islamic modal music,uyghur muqam,,
italo house,,italo-disco,
izlan,,,
izvorna bosanska muzika,,,
j-core,hard renaissance,,
j-pop,akishibu-kei,,
j-pop,,city pop,
j-pop,,idol kayō,
j-pop,wa euro,,
j-rock,yakousei,,
jackin house,,edm,
jackin house,,funky house,
jaipongan,,gamelan,
jam band,livetronica,,
james bay fiddling,,celtic,
jamgrass,,jam band,
jangle pop,,folk rock,
jangle pop,,power pop,
japanese classical,gagaku,,
japanese classical,heikyoku,,
japanese classical,honkyoku,,
japanese classical,jiuta,,
japanese classical,jōruri,,
japanese classical,meiji shinkyoku,,
japanese classical,nagauta,,
japanese classical,noh,,
japanese classical,shōmyō,,
japanese classical,sōkyoku,,
javanese gamelan,gamelan sekaten,,
javanese gamelan,gamelan salendro,,
javanese gamelan,gamelan siteran,,
javanese gamelan,gamelan surakarta,,
jazz,avant-garde jazz,,
jazz,afro-jazz,,
jazz,big band,,
jazz,bebop,,
jazz,cape jazz,,
jazz,crossover jazz,,
jazz,crime jazz,,
jazz,cool jazz,,
jazz,contemporary jazz,,
jazz,classic jazz,,
jazz,dark jazz,,
jazz,dixieland,,
jazz,ethio-jazz,,
jazz,free jazz,,
jazz,gypsy jazz,,
jazz,hard bop,,
jazz,instrumental jazz,,
jazz,jazz-funk,,
jazz,jazz fusion,,
jazz,,blues,
jazz,,ragtime,
jazz,latin jazz,,
jazz,modal jazz,,
jazz,marabi,,
jazz,orchestral jazz,,
jazz,post-bop,,
jazz,swing,,
jazz,stride,,
jazz,soul jazz,,
jazz,smooth jazz,,
jazz,vocal jazz,,
jazz,modern creative,,
jazz,indo jazz,,
jazz,spiritual jazz,,
jazz,kréyol djaz,,
jazz,sweet jazz,,
jazz,neo-bop,,
jazz,paramaribop,,
jazz blues,,,blues
jazz blues,,,jazz
jazz guachaca,,bolero,
jazz guachaca,,corrido,
jazz guachaca,,cueca,
jazz guachaca,,jazz,
jazz guachaca,,tango,
jazz house,,jazz,
jazz mugham,,mugham,
jazz poetry,,jazz,
jazz pop,,jazz,
jazz rap,,jazz,
jazz rock,,jazz,
jazz-funk,,funk,
jazz-funk,free funk,,
jazzstep,,jazz,
jerk,,jerk rap,
jerk,,lowend,
jerk,,plugg,
jerk rap,,hyphy,
jersey club,,baltimore club,
jersey club,,breakbeat,
jersey club rap,,jersey club,
jersey drill,,jersey club,
jersey sound,,gospel,
jesus music,,contemporary folk,
jesus music,,folk rock,
jesus music,,psychedelic,
jhumar,,,
jibonmukhi gaan,,contemporary folk,
jibonmukhi gaan,,singer-songwriter,
jit,,,
joik,,,
jongo,,,
jota,,,
jubilee,,spirituals,
jungle,ragga jungle,,
jungle,,jungle techno,
jungle dutch,,dutch house,
jungle dutch,,jersey club,
jungle dutch,,jungle terror,
jungle techno,,techno,
jungle terror,,big room house,
jungle terror,,tribal house,
junkanoo,,,
jùjú,,,
k-pop,,contemporary r&b,
k-pop,,dance-pop,
k-pop,,hip hop,
kabarett,,,
kacapi suling,,tembang cianjuran,
kafi,,,
kagura,,,
kalattut,,,
kalindula,,,
kalon'ny fahiny,,operetta,
kan ha diskan,,,
kaneka,,reggae,
kantan chamorrita,,,
kanto,,,
kantruem,,,
kapuka,,hip hop,
kapuka,,reggae,
kasékò,,,
kawaii future bass,,chiptune,
kawaii metal,,j-pop,
kayōkyoku,idol kayō,,
kayōkyoku,mood kayō,,
kayōkyoku,techno kayō,,
kayōkyoku,,ryūkōka,
kecak,,,
keller synth,,black metal,
keroncong,langgam jawa,,
kete,,,
ketuk tilu,,,
kidandali,,kadongo kamu,
kidandali,,ragga,
kidandali,,soukous,
kidumbak,,taarab,
kirtan,shabad kirtan,,
kizomba,,semba,
kizomba,,zouk,
kizomba,tarraxinha,,
klapa,,,
kleinkunst,,chanson française,
kliningan,,gamelan,
koplo,,pop,
koplo,,reggae,
koplo,,rock,
korean ballad,oriental ballad,,
korean ballad,,blues,
korean ballad,,soul,
korean ballad,,trot,
korean classical,aak,,
korean classical,dangak,,
korean classical,gagok,,
korean classical,hyangak,,
korean classical,jeongak,,
korean revolutionary opera,,chinese revolutionary opera,
kouta,,,
krakowiak,,,
krautrock,,psychedelic rock,
krushclub,,edm,
krushclub,,hexd,
kréyol djaz,,bélé,
kréyol djaz,,biguine,
kréyol djaz,,gwo ka,
kuda lumping,,gamelan,
kuda lumping,,jaipongan,
kuduro,batida,,
kuduro,,house,
kuduro,,kilapanga,
kuduro,,semba,
kuduro,,techno,
kujawiak,,,
kumi-daiko,,,
kwaito,,disco,
kwaito,,hip hop,
kwaito,bacardi,,
kwela,,jazz,
kwela,,marabi,
kyivan chant,,znamenny chant,
könsrock,,post-punk,
laiko,skiladiko,,
laiko,modern laiko,,
lambada,,carimbó,
lambada,,cumbia,
lambada,,forró,
lambada,guitarrada,,
langgam jawa,,javanese gamelan,
latin,boogaloo,,
latin,bachata,,
latin,rhumba,,
latin ballad,,bolero,
latin disco,,latin,
latin funk,,latin,
latin jazz,afro-cuban jazz,,
latin jazz,,latin,
latin pop,,latin,
latin pop,tropipop,,
latin rock,,latin,
latin soul,,latin,
lauda,,,
lavani,,,
lento violento,,euro-trance,
lento violento,,hardcore techno,
lento violento,,hardstyle,
lento violento,,italo dance,
levenslied,,schlager,
lied,,romantic classical,
liquid funk,,atmospheric drum and bass,
liquid funk,,jazzstep,
liquid funk,sambass,,
liquid riddim,,downtempo,
liquid riddim,,lo-fi hip hop,
liscio,,,
livetronica,,electronic,
liwa,,,
lo-fi hip hop,,downtempo,
lo-fi house,,deep house,
loud kei,,deathcore,
loud kei,,metalcore,
loud kei,,nu metal,
lounge,,jazz,
lowend,,bounce,
luk krung,,,
lullaby,batonebi songs,,
madchester,,funk,
madchester,,jangle pop,
maddahi,shoor,,
maftirim,,,
mahraganat,,edm,
mahraganat,,hip hop,
makina,,ebm,
makina,,new beat,
makossa,,highlife,
makossa,,jazz,
makossa,,rumba cubana,
makossa,,soukous,
malagueña venezolana,,,
mallsoft,,easy listening,
mallsoft,,smooth jazz,
maloya,,séga,
maloya,maloya élektrik,,
maloya,maloya électronique,,
maloya électronique,,edm,
maloya élektrik,,afrobeat,
maloya élektrik,,funk,
maloya élektrik,,psychedelic,
mambo,,danzón,
mambo chileno,,mambo,
mambo chileno,,mambo urbano,
mambo chileno,,reggaeton,
mambo chileno,,trap,
mambo urbano,,hip hop,
mambo urbano,,reggaeton,
mandopop,,shidaiqu,
manele,,dance-pop,
mangambeu,,,
mangue beat,,alternative rock,
mangue beat,,ciranda,
mangue beat,,coco,
mangue beat,,funk rock,
mangue beat,,hip hop,
mangue beat,,maracatu,
manila sound,,disco,
manila sound,,funk,
manila sound,,kundiman,
manila sound,,soft rock,
mantra,tibetan buddhist chant,,
manyao,,eurodance,
manyao,,house,
manyao,,mandopop,
manyao,,trance,
mappila,,,
marabi,mbaqanga,,
march,circus march,,
march,funeral march,,
march,música festera,,
marching band,,western classical,
marching band,pep band,,
marching band,drumline,,
marching band,fife and drum,,
marching band,drum and bugle corps,,
marching band,guggenmusik,,
marching band,beni,,
marinera,,zamacueca,
marrabenta,,,
martial industrial,,dark ambient,
martial industrial,,neoclassical dark wave,
martial industrial,,neofolk,
mashcore,,hardcore techno,
maskanda,,,
mass,requiem,,
mataali,,,
math pop,,indie pop,
math pop,,indie rock,
math pop,,midwest emo,
math rock,,noise rock,
math rock,,post-hardcore,
math rock,math pop,,
mathcore,,math rock,
maxixe,,lundu,
maxixe,,tango,
mazurka,,,
mbalax,,,
mbaqanga,,kwela,
mbaqanga,,swing,
mbolé,,bend-skin,
mbolé,,bikutsi,
mbolé,,makossa,
mchiriku,,ngoma,
medieval,ars antiqua,,
medieval,ars nova,,
medieval,ars subtilior,,
medieval,plainchant,,
medieval,medieval lyric poetry,,
medieval lyric poetry,minnesang,,
medieval lyric poetry,troubadour song,,
medieval metal,,neo-medieval folk,
medieval rock,,hard rock,
medieval rock,,neo-medieval folk,
mega funk,,brazilian bass,
mega funk,,slap house,
melbourne bounce,,dutch house,
melbourne bounce,,minimal techno,
melbourne bounce,,tech house,
melodic bass,,future bass,
melodic bass,,melodic dubstep,
melodic death metal,,heavy metal,
melodic house,,deep house,
melodic house,,melodic techno,
melodic house,,progressive house,
melodic metalcore,,melodic death metal,
melodic techno,,minimal techno,
melodic techno,,trance,
melodic trance,,dream trance,
melodic trance,,hard trance,
melodic trance,,progressive trance,
memphis rap,,electro,
memphis rap,dungeon rap,,
menzuma,,,
merecumbé,,,cumbia
merecumbé,,,merengue
merengue,merenhouse,,
merengue,mambo urbano,,
merengue,merengue típico,,
merengue,tecnomerengue,,
merenhouse,,dancehall,
merenhouse,,hip hop,
merenhouse,,house,
merequetengue,,,
metal,avant-garde metal,,
metal,alternative metal,,
metal,black metal,,
metal,christian metal,,
metal,drone metal,,
metal,doom metal,,
metal,death metal,,
metal,folk metal,,
metal,groove metal,,
metal,gothic metal,,
metal,heavy metal,,
metal,kawaii metal,,
metal,,blues rock,
metal,neoclassical metal,,
metal,progressive metal,,
metal,power metal,,
metal,post-metal,,
metal,pop metal,,
metal,symphonic metal,,
metal,stoner metal,,
metal,southern metal,,
metal,sludge metal,,
metal,thrash metal,,
metal,trance metal,,
metal,viking metal,,
metalcore,,,hardcore punk
metalcore,,,metal
metalcore,melodic metalcore,,
metalcore,mathcore,,
metalcore,downtempo deathcore,,
metalcore,thall,,
metalcore,progressive metalcore,,
meyxana,,,
mgodro,,salegy,
miami bass,,electro,
miami bass,techno bass,,
microfunk,,idm,
microhouse,,glitch,
microhouse,,idm,
microhouse,,minimal techno,
midtempo bass,,electro house,
midtempo bass,,post-industrial,
midtempo bass,,tech house,
midwest emo,,indie rock,
midwest emo,,post-hardcore,
miejski folk,,folk,
miejski folk,,punk,
min'yō,,,
minatory,,dark ambient,
minatory,,deathstep,
minimal drum and bass,microfunk,,
minimal drum and bass,autonomic,,
minimal synth,,synth-pop,
minimal techno,dub techno,,
minimal techno,,detroit techno,
minimal wave,minimal synth,,
minimalism,,hindustani classical,
minimalism,holy minimalism,,
minneapolis sound,,contemporary r&b,
minneapolis sound,,disco,
minnesang,,troubadour song,
mobb music,,funk,
mod,mod revival,,
mod,,beat music,
mod,,british rhythm & blues,
mod,,jazz,
mod,,r&b,
mod revival,,punk rock,
modal jazz,jazz mugham,,
modern classical,minimalism,,
modern classical,post-minimalism,,
modern classical,serialism,,
modern classical,spectralism,,
modern classical,indeterminacy,,
modern classical,futurism,,
modern classical,stochastic music,,
modern classical,sonorism,,
modern classical,totalism,,
modern classical,new complexity,,
modern classical,musique concrète instrumentale,,
modern classical,microtonal classical,,
modern classical,expressionism,,
modern classical,process music,,
modern classical,neoromanticism,,
modern creative,,free improvisation,
modern creative,,free jazz,
modern creative,,modern classical,
modern hardtek,,free tekno,
modern hardtek,,uk hardcore,
modern hardtek,raggatek,,
modern hardtek,pumpcore,,
modern laiko,,dance-pop,
modern laiko,,pop,
modinha,,opera,
mood kayō,,jazz,
moombahcore,,brostep,
moombahcore,,complextro,
moombahton,,dutch house,
moombahton,,reggaeton,
mor lam,mor lam sing,,
mor lam sing,,luk thung,
morenada,,,
moroccan chaabi,,,
motown,,gospel,
moutya,,,
movimiento alterado,,banda sinaloense,
mpb,,bossa nova,
mpb,,samba-canção,
muak,,,
mugithi,,benga,
mugithi,,country,
muiñeira,,,
mulatós,,folk,
muliza,,,
murga,murga uruguaya,,
musette,,,
musical,cabaret,,
musical,rock musical,,
musical,industrial musical,,
musical,music hall,,
musical,murga,,
musical,vaudeville,,
musical,minstrelsy,,
musical,revue,,
musical,chèo,,
musique concrète,,noise,
muzika mizrahit,muzikat dika'on,,
muzika yehudit mekorit,,,
muziki wa dansi,,jazz,
muziki wa dansi,,soukous,
métis fiddling,,,
música criolla,festejo,,
música criolla,landó,,
música criolla,marinera,,
música criolla,polca criolla,,
música criolla,vals criollo,,
música de intervenção,,chanson française,
música de intervenção,,fado,
música llanera,,,
música típica chilena,,,
mūsīqā lubnāniyya,,,
narodnozabavna glasba,,,
nashville sound,,pop,
nature sounds,animal sounds,,
nature sounds,rain sounds,,
neo kyma,,chanson française,
neo rave,,hard techno,
neo rave,,hardstyle,
neo soul,,contemporary r&b,
neo soul,,hip hop,
neo-acoustic,,folk rock,
neo-acoustic,,indie pop,
neo-acoustic,,jangle pop,
neo-acoustic,,new wave,
neo-acoustic,,post-punk,
neo-bop,,modal jazz,
neo-grime,,grime,
neo-progressive rock,,symphonic prog,
neo-psychedelia,paisley underground,,
neo-psychedelia,psichedelia occulta italiana,,
neo-traditional country,,honky tonk,
neo-traditional country,,pop rock,
neoclassical dark wave,,western classical,
neoclassical metal,,western classical,
neoclassical metal,,heavy metal,
neoclassical new age,,baroque,
neoclassical new age,,western classical,
neocrust,,black metal,
neocrust,,post-metal,
neocrust,,screamo,
neocrust,,sludge metal,
neofolk,dark folk,,
neofolk,,post-industrial,
neon pop punk,,electronic,
neoromanticism,,expressionism,
neoromanticism,,impressionism,
neoromanticism,,romantic classical,
nerdcore techno,,breakbeat,
nerdcore techno,,jungle,
nerdcore techno,,techno,
neue deutsche härte,,edm,
neue deutsche härte,,industrial metal,
neue deutsche todeskunst,,dark ambient,
neue deutsche todeskunst,,gothic rock,
neue deutsche todeskunst,,industrial,
neue deutsche welle,,electropunk,
neue deutsche welle,,industrial,
neue deutsche welle,,post-punk,
neue deutsche welle,,punk rock,
neue deutsche welle,,synth-pop,
neurofunk,,techstep,
neurohop,,neurofunk,
new age,celtic new age,,
new age,neoclassical new age,,
new age,native american new age,,
new age,andean new age,,
new beat,,dark wave,
new beat,hard beat,,
new beat,skizzo,,
new jack swing,,funk,
new jack swing,,hip hop,
new mexico music,,country,
new orleans blues,,jazz,
new rave,,dance-punk,
new rave,,indie rock,
new romantic,,glam rock,
new romantic,,synth-pop,
new wave,,electronic,
new wave,,pop rock,
new wave,,punk rock,
new wave,new romantic,,
new wave,neue deutsche welle,,
new york drill,,uk drill,
new york drill,sexy drill,,
new york drill,sample drill,,
ngoma,unyago,,
ngoma,chakacha,,
nhạc tiền chiến,,tango,
nhạc tiền chiến,,waltz,
nhạc vàng,,nhạc tiền chiến,
nhạc đỏ,,western classical,
nintendocore,,chiptune,
nitzhonot,,melodic trance,
njuup,,,
no wave,,punk rock,
noiadance,,,dutch house
noiadance,,,funk brasileiro
noiadance,,latin house,
noiadance,,moombahton,
noise,black noise,,
noise,harsh noise,,
noise,power electronics,,
noise rock,pigfuck,,
noisecore,,noise,
noisegrind,,noise,
non-music,,,
nortec,,banda sinaloense,
nortec,,house,
nortec,,idm,
nortec,,norteño,
norteño,cumbia norteña mexicana,,
norteño,duranguense,,
norteño,movimiento alterado,,
norteño,sierreño,,
novo dub,,electronic,
nu disco,,disco,
nu jazz,,jazz,
nu metal,,funk metal,
nu metal,,hip hop,
nu skool breaks,,drum and bass,
nu skool breaks,,techno,
nu skool breaks,,uk garage,
nueva canción,nuevo cancionero,,
nueva canción,nueva canción chilena,,
nueva canción,nueva canción española,,
nueva canción chilena,,neofolklore,
nueva canción española,,nova cançó,
nueva trova,,nueva canción,
nuevo flamenco,,blues,
nuevo flamenco,,jazz,
nuevo flamenco,,rock,
nuevo tango,,western classical,
nuevo tango,,jazz,
nustyle,,jumpstyle,
nustyle,,nu style gabber,
nwobhm,,punk,
nyū myūjikku,,contemporary folk,
nyū myūjikku,,kayōkyoku,
nóta,,art song,
oberek,,,
occult rock,,blues,
occult rock,,hard rock,
occult rock,,progressive rock,
occult rock,,psychedelic rock,
ogene music,,,
old school hip hop,,disco,
omutibo,,,
onda nueva,,bossa nova,
onda nueva,,jazz,
onda nueva,,joropo,
ondō,,,
onkyo,,free improvisation,
opera,operetta,,
opera,opéra comique,,
opera,ballad opera,,
opera,singspiel,,
opera,opera buffa,,
opera,opera seria,,
opera,tragédie en musique,,
opera,opera semiseria,,
opera,grand opera,,
opera,zeitoper,,
opera,romantische oper,,
opera,verismo,,
opera,monodrama,,
opera-ballet,,,ballet
opera-ballet,,,opera
operatic pop,,western classical,
operatic pop,,opera,
orchestral,,,
organic house,,afro house,
organic house,,deep house,
organic house,,downtempo,
organic house,,progressive house,
ori deck,,dubstep,
ori deck,,moombahton,
oriental ballad,,gagok,
orkes gambus,,nasheed,
orthodox pop,,klezmer,
orthodox pop,,nigun,
outlaw country,,rock,
outrun,,electro house,
outsider house,lo-fi house,,
outsider house,,deep house,
pachanga,,conga,
pachanga,,cumbia,
pachanga,,merengue,
pachanga,,rumba cubana,
pacific reggae,,folk,
pacific reggae,jawaiian,,
pagan black metal,,folk,
paghjella,,,
pagode,pagode romântico,,
pagode romântico,,axé,
pagode romântico,,pop,
pagode romântico,,samba-rock,
pagode romântico,,sertanejo,
pagodão,,pagode,
pagodão,,samba-reggae,
paisley underground,,jangle pop,
paisley underground,,new wave,
paisley underground,,power pop,
paisley underground,,psychedelic pop,
paisley underground,,psychedelic rock,
palm-wine,,calypso,
palo de mayo,,,
pandilla,,,
pansori,,,
paramaribop,,bebop,
paramaribop,,kaseko,
parang,,,
partyschlager,,edm,
pasillo,,waltz,
payada,,,
peak time techno,,acid techno,
peak time techno,,trance,
persian classical,,indian classical,
persian classical,,islamic modal music,
philly club,,baltimore club,
philly club,,hardstyle,
philly club,,trap edm,
philly club rap,,philly club,
philly soul,,pop soul,
phleng phuea chiwit,,luk thung,
phleng phuea chiwit,,mor lam,
phonk,,memphis rap,
phonk,,trap,
phonk house,,drift phonk,
piano blues,,ragtime,
picopop,,electronic,
pigfuck,,no wave,
pigfuck,,post-hardcore,
pigfuck,,post-punk,
pilón,,,
pimba,,,
piosenka aktorska,,cabaret,
piosenka aktorska,,musical,
pipe band music,,,
pirekua,,,
piyyut,zemirot,,
plainchant,gregorian chant,,
plainchant,ambrosian chant,,
plainchant,mozarabic chant,,
plainchant,beneventan chant,,
plainchant,old roman chant,,
plainchant,celtic chant,,
plainchant,gallican chant,,
plena,,,
plugg,pluggnb,,
plugg,dark plugg,,
plugg,ambient plugg,,
plugg,terror plugg,,
pluggnb,,jazz,
pluggnb,,r&b,
pluggnb,asian rock,,
plunderphonics,ytpmv,,
plunderphonics,mad,,
poetry,beat poetry,,
poetry,dub poetry,,
poetry,jazz poetry,,
poetry,slam poetry,,
poetry,sound poetry,,
poetry,cowboy poetry,,
poetry,ngâm thơ,,
poetry,punk poetry,,
poetry,kakawin,,
polca criolla,,polka,
polifonia occitana,,,
polka,schottische,,
polka,chicago polka,,
polka,eastern-style polka,,
polonaise,,,
pon-chak disco,,synth-pop,
pop,avant-garde pop,,
pop,art pop,,
pop,ambient pop,,
pop,alternative pop,,
pop,bubblegum pop,,
pop,brill building,,
pop,baroque pop,,
pop,bardcore,,
pop,canción melódica,,
pop,c-pop,,
pop,contemporary christian,,
pop,classical crossover,,
pop,city pop,,
pop,dansband,,
pop,dance-pop,,
pop,denpa,,
pop,europop,,
pop,electropop,,
pop,easy listening,,
pop,flamenco pop,,
pop,hyperpop,,
pop,hypnagogic pop,,
pop,indian pop,,
pop,indie pop,,
pop,jazz pop,,
pop,j-pop,,
pop,korean ballad,,
pop,kayōkyoku,,
pop,k-pop,,
pop,levenslied,,
pop,latin pop,,
pop,mulatós,,
pop,nyū myūjikku,,
pop,neo-acoustic,,
pop,nederpop,,
pop,psychedelic pop,,
pop,progressive pop,,
pop,pop ghazal,,
pop,persian pop,,
pop,russian chanson,,
pop,rom kbach,,
pop,q-pop,,
pop,schlager,,
pop,synth-pop,,
pop,shibuya-kei,,
pop,sundanese pop,,
pop,sophisti-pop,,
pop,teen pop,,
pop,yé-yé,,
pop,wong shadow,,
pop,v-pop,,
pop,dansktop,,
pop,palingsound,,
pop,sunshine pop,,
pop,opm,,
pop,traditional pop,,
pop,orthodox pop,,
pop,jesus music,,
pop,pop minang,,
pop,pop kreatif,,
pop,t-pop,,
pop,toytown pop,,
pop,electro hop,,
pop,turkish pop,,
pop ghazal,,ghazal,
pop kreatif,,city pop,
pop metal,,arena rock,
pop metal,,pop,
pop minang,talempong goyang,,
pop punk,easycore,,
pop punk,,pop,
pop punk,neon pop punk,,
pop punk,seishun punk,,
pop rap,chicago bop,,
pop rap,,pop,
pop rap,frat rap,,
pop raï,,pop,
pop rock,burmese stereo,,
pop rock,beat music,,
pop rock,jangle pop,,
pop rock,manila sound,,
pop rock,power pop,,
pop rock,,,pop
pop rock,,,rock
pop rock,tropical rock,,
pop screamo,,alternative rock,
pop screamo,,emo,
pop screamo,,metalcore,
pop screamo,,screamo,
pop soul,motown,,
pop soul,,,pop
pop soul,,,soul
pop yeh-yeh,,beat music,
porro,,cumbia,
post-bop,,avant-garde jazz,
post-bop,,hard bop,
post-bop,,modal jazz,
post-britpop,,britpop,
post-britpop,,indie rock,
post-classical,,electronic,
post-dubstep,,ambient,
post-dubstep,,contemporary r&b,
post-dubstep,,dubstep,
post-grunge,,grunge,
post-hardcore,emocore,,
post-hardcore,emo,,
post-hardcore,nintendocore,,
post-hardcore,,experimental rock,
post-hardcore,,hardcore punk,
post-hardcore,screamo,,
post-hardcore,pop screamo,,
post-hardcore,progressive post-hardcore,,
post-industrial,epic collage,,
post-industrial,ebm,,
post-industrial,martial industrial,,
post-industrial,power noise,,
post-metal,,post-rock,
post-metal,doomgaze,,
post-minimalism,,minimalism,
post-minimalism,,folk,
post-minimalism,,jazz,
post-punk,coldwave,,
post-punk,dance-punk,,
post-punk,post-punk revival,,
post-punk,,punk rock,
post-punk revival,,indie rock,
post-punk revival,,new wave,
post-rock,,ambient,
post-rock,,jazz,
post-rock,,slowcore,
powada,,,
power electronics,,industrial,
power metal,,heavy metal,
power metal,,speed metal,
power noise,,electronic,
power noise,,noise,
powerstomp,,hardstyle,
powerstomp,,uk hardcore,
powerviolence,,grindcore,
praise break,,ring shout,
production music,,,
progressive,,,
progressive bluegrass,jamgrass,,
progressive bluegrass,,folk,
progressive bluegrass,,jazz,
progressive bluegrass,,rock,
progressive breaks,,progressive house,
progressive country,outlaw country,,
progressive country,,contemporary folk,
progressive country,,rock,
progressive electronic,berlin school,,
progressive electronic,,ambient,
progressive electronic,,western classical,
progressive electronic,,progressive rock,
progressive house,,trance,
progressive house,epic house,,
progressive metal,djent,,
progressive metal,,progressive rock,
progressive metalcore,,progressive metal,
progressive post-hardcore,swancore,,
progressive psytrance,,deep house,
progressive psytrance,,minimal techno,
progressive psytrance,,progressive house,
progressive psytrance,,tech house,
progressive psytrance,zenonesque,,
progressive rock,avant-prog,,
progressive rock,brutal prog,,
progressive rock,crossover prog,,
progressive rock,neo-progressive rock,,
progressive rock,,western classical,
progressive rock,,jazz,
progressive rock,symphonic prog,,
progressive trance,,progressive house,
psybient,,ambient,
psybient,,goa trance,
psybient,,psytrance,
psybreaks,,goa trance,
psybreaks,,psytrance,
psychedelic,neo-psychedelia,,
psychedelic,psychploitation,,
psychedelic folk,free folk,,
psychedelic folk,freak folk,,
psychedelic folk,,psychedelic,
psychedelic folk,udigrudi,,
psychedelic folk,wyrd folk,,
psychedelic pop,,psychedelic,
psychedelic rock,acid rock,,
psychedelic rock,canterbury scene,,
psychedelic rock,heavy psych,,
psychedelic rock,,psychedelic,
psychedelic rock,raga rock,,
psychedelic rock,space rock,,
psychedelic rock,zamrock,,
psychedelic soul,,psychedelic rock,
psychobilly,,,punk rock
psychobilly,,,rockabilly
psycore,,dark ambient,
psycore,,glitch,
psystyle,,psytrance,
psytrance,dark psytrance,,
psytrance,,goa trance,
psytrance,,acid trance,
psytrance,suomisaundi,,
psytrance,progressive psytrance,,
psytrance,full-on,,
psytrance,forest psytrance,,
puirt à beul,,,
pungmul,,,
punk,art punk,,
punk,anarcho-punk,,
punk,alternative punk,,
punk,cowpunk,,
punk,electropunk,,
punk,folk punk,,
punk,,neo-rockabilly,
punk,punk rock,,
punk,,garage rock,
punk,,proto-punk,
punk,post-hardcore,,
punk blues,,blues rock,
punk blues,,punk rock,
punk poetry,,beat poetry,
punk poetry,,dub poetry,
punk poetry,,punk,
punk rap,,punk,
punk rock,deathrock,,
punk rock,gypsy punk,,
punk rock,hardcore punk,,
punk rock,horror punk,,
punk rock,könsrock,,
punk rock,oi,,
punk rock,,garage rock,
punk rock,,rock and roll,
punk rock,,surf rock,
punk rock,pop punk,,
punk rock,riot grrrl,,
punk rock,queercore,,
punk rock,surf punk,,
punk rock,skate punk,,
punk rock,viking rock,,
punta,,,
purple sound,,bit music,
purple sound,,g-funk,
purple sound,,grime,
purple sound,,synth funk,
puxa,,,
q-pop,,k-pop,
qaraami,,funk,
qaraami,,jazz,
qaraami,,pop,
qaraami,,soul,
qasidah modern,,dangdut,
qasidah modern,,pop,
qawwali,,,
quan họ,,,
r&b,british rhythm & blues,,
r&b,blue-eyed soul,,
r&b,contemporary r&b,,
r&b,doo-wop,,
r&b,new orleans r&b,,
r&b,quiet storm,,
r&b,swamp pop,,
r&b,beach music,,
rabiz,,,
rage,,cloud rap,
rage,,digicore,
rage,,future bass,
rage,,plugg,
ragga hip-hop,,,hip hop
ragga hip-hop,,,ragga
ragga jungle,,dub,
ragga jungle,,ragga,
raggacore,,dancehall,
raggacore,,ragga,
raggacore,,ragga jungle,
raggatek,,dancehall,
raggatek,,ragga,
raggatek,,reggae,
ragtime,novelty piano,,
ragtime,,march,
ragtime,ragtime song,,
ragtime,classic ragtime,,
rap metal,,funk metal,
rap metal,,hip hop,
rap metal,,rap rock,
rap rock,,,hip hop
rap rock,,,rock
rapcore,,,hardcore punk
rapcore,,,hip hop
rapso,,,hip hop
rapso,,,soca
rara,,haitian vodou drumming,
rasin,,rock,
rasqueado cuiabano,,,
rasteirinha,,axé,
rasteirinha,,reggaeton,
rasteirinha,,samba,
ratchet music,,crunk,
ratchet music,,hyphy,
ratchet music,,jerk rap,
ratchet music,,snap,
rautalanka,,rock and roll,
rautalanka,,schlager,
rautalanka,,surf rock,
rawphoric,,euphoric hardstyle,
rawstyle,,gabber,
rawstyle,,industrial hardcore,
rawstyle,rawphoric,,
rawstyle,xtra raw,,
raï,pop raï,,
rebetiko,,,
red dirt,,outlaw country,
red dirt,,southern rock,
red song,,,
reductionism,lowercase,,
reductionism,onkyo,,
regalia,,cloud rap,
regalia,,plugg,
reggae,dancehall,,
reggae,dub,,
reggae,gospel reggae,,
reggae,lovers rock,,
reggae,,mento,
reggae,roots reggae,,
reggae,,rocksteady,
reggae,pacific reggae,,
reggae,reggae-pop,,
reggae,,r&b,
reggae,,ska,
reggae,skinhead reggae,,
reggae,deejay,,
reggae,reggae panameño,,
reggae panameño,,dancehall,
reggae rock,,reggae-pop,
reggae rock,,roots reggae,
reggae-pop,,contemporary r&b,
reggae-pop,,pop,
reggae-pop,,soul,
reggaeton,cubatón,,
reggaeton,,dancehall,
reggaeton,,hip hop,
reggaeton,neoperreo,,
reggaeton,rkt,,
reggaeton,bachatón,,
reggaeton,cumbiatón,,
reggaeton,romantic flow,,
reggaeton,doble paso,,
reggaeton,,reggae panameño,
regional mexicano,banda sinaloense,,
regional mexicano,canto cardenche,,
regional mexicano,chilena,,
regional mexicano,corrido,,
regional mexicano,mariachi,,
regional mexicano,norteño,,
regional mexicano,ranchera,,
regional mexicano,son calentano,,
regional mexicano,son huasteco,,
regional mexicano,son istmeño,,
regional mexicano,son jarocho,,
regional mexicano,tejano,,
regional mexicano,trova yucateca,,
regional mexicano,grupera,,
reparto,,salsa,
rhumba,,bolero,
rhumba,,jazz,
rhumba,,pop,
rhumba,,rumba cubana,
rhumba,,son cubano,
riddim dubstep,,dubstep,
riddim dubstep,future riddim,,
riddim dubstep,liquid riddim,,
rigsar,,,
riot grrrl,,grunge,
riot grrrl,,noise rock,
riot grrrl,,post-hardcore,
ripsaw,,,
rizitika,,,
rkt,,cumbia villera,
rock,art rock,,
rock,anatolian rock,,
rock,arena rock,,
rock,aor,,
rock,alternative rock,,
rock,afro rock,,
rock,acoustic rock,,
rock,comedy rock,,
rock,classic rock,,
rock,christian rock,,
rock,dance-rock,,
rock,experimental rock,,
rock,freakbeat,,
rock,folk rock,,
rock,gothic rock,,
rock,glam rock,,
rock,garage rock,,
rock,hard rock,,
rock,heartland rock,,
rock,instrumental rock,,
rock,jazz rock,,
rock,jam band,,
rock,latin rock,,
rock,mod,,
rock,miejski folk,,
rock,math rock,,
rock,mangue beat,,
rock,mainstream rock,,
rock,noise rock,,
rock,new wave,,
rock,neo-rockabilly,,
rock,occult rock,,
rock,punk blues,,
rock,pub rock,,
rock,psychedelic rock,,
rock,proto-punk,,
rock,progressive rock,,
rock,post-rock,,
rock,post-punk,,
rock,pop yeh-yeh,,
rock,piano rock,,
rock,roots rock,,
rock,rock urbano,,
rock,rock opera,,
rock,rock andino,,
rock,rock andaluz,,
rock,rock and roll,,
rock,rautalanka,,
rock,symphonic rock,,
rock,swamp rock,,
rock,surf,,
rock,sufi rock,,
rock,southern rock,,
rock,soft rock,,
rock,zolo,,
rock,visual kei,,
rock,reggae rock,,
rock,rock urbano mexicano,,
rock,beat rock,,
rock and roll,indorock,,
rock and roll,rockabilly,,
rock and roll,,r&b,
rock and roll,,traditional country,
rock and roll,,blues,
rock andaluz,,flamenco,
rock andaluz,,symphonic prog,
rock andino,,folk,
rock andino,,progressive rock,
rock andino,,psychedelic rock,
rock jiwang,,pop rock,
rock kapak,,glam metal,
rock kapak,,heavy metal,
rock kapak,rock jiwang,,
rock musical,,rock,
rock opera,,musical,
rock rural,,country rock,
rock rural,,mpb,
rock rural,,sertanejo,
rock urbano,,progressive rock,
rock urbano mexicano,,blues rock,
rock urbano mexicano,,folk rock,
rock urbano mexicano,,hard rock,
rockabilly,,neo-rockabilly,
rocksteady,,ska,
rocksteady,,soul,
romantic flow,,contemporary r&b,
romantic flow,,latin pop,
romantische oper,,folk,
romantische oper,,opéra comique,
rominimal,,microhouse,
rominimal,,minimal techno,
roots rock,,blues,
roots rock,,country,
roots rock,,r&b,
roots rock,tex-mex,,
rumba,,,
rumba catalana,,rumba flamenca,
rumba catalana,,pop,
rumba catalana,,rumba cubana,
rumba cubana,guaguancó,,
rumba flamenca,,guaguancó,
rumba flamenca,,guaracha,
rumba flamenca,,rumba catalana,
rumba flamenca,,son cubano,
runo song,seto leelo,,
russian orthodox liturgical music,,byzantine chant,
russian orthodox liturgical music,kyivan chant,,
russian orthodox liturgical music,znamenny chant,,
russian orthodox liturgical music,valaam chant,,
rustic stomp,,celtic punk,
rustic stomp,,psychobilly,
ryūkōka,,western classical,
rōkyoku,,,
sa'idi,,,
sacred harp,,,
sacred steel,,bebop,
sacred steel,,delta blues,
sacred steel,,electric blues,
saeta,,flamenco,
salsa,salsa choke,,
salsa,salsa dura,,
salsa,salsa romántica,,
salsa,,mambo,
salsa,,son cubano,
salsa,timba,,
salsa choke,,hip hop,
salsa choke,,house,
salsa choke,,reggaeton,
salsa romántica,,pop,
samba,bossa nova,,
samba,partido alto,,
samba,pagode,,
samba,pagodão,,
samba,samba de breque,,
samba,samba de gafieira,,
samba,samba de roda,,
samba,samba de terreiro,,
samba,samba-canção,,
samba,samba-enredo,,
samba,samba-exaltação,,
samba,samba-joia,,
samba,samba-rock,,
samba,sambalanço,,
samba de breque,,samba-choro,
samba de gafieira,,big band,
samba de gafieira,,lundu,
samba de gafieira,,maxixe,
samba rap,,samba,
samba soul,,funk,
samba soul,,soul,
samba-choro,,,choro
samba-choro,,,samba
samba-jazz,,,jazz
samba-jazz,,,samba
samba-joia,,bolero,
samba-reggae,,,partido alto
samba-reggae,,,reggae
samba-reggae,,merengue,
samba-reggae,,salsa,
samba-rock,samba soul,,
samba-rock,,rock,
sambalanço,,jazz,
sambalanço,,samba-exaltação,
sambass,,bossa nova,
sambass,,samba,
sampledelia,,psychedelic,
samri,,,
sanjo,,,
santé engagé,,séga,
sarala gee,,hindustani classical,
sardana,,,
sasscore,,dance-punk,
sasscore,,new wave,
sasscore,,post-hardcore,
saya afroboliviana,,,
scam rap,,detroit trap,
schlager,volkstümliche musik,,
schlager,partyschlager,,
screamo,emoviolence,,
screamo,,emo,
screamo,,hardcore punk,
scrumpy and western,,comedy,
seggae,,,reggae
seggae,,,séga
semi-trot,,dance-pop,
semi-trot,,electropop,
semi-trot,,k-pop,
semi-trot,,pop rock,
seresta,,modinha,
seresta,,serenade,
seresta,,valsa brasileira,
serialism,integral serialism,,
sertanejo,sertanejo universitário,,
sertanejo,sertanejo romântico,,
sertanejo,sertanejo raiz,,
sertanejo raiz,moda de viola,,
sertanejo romântico,,pop,
sertanejo universitário,funknejo,,
sertanejo universitário,,pop,
sertanejo universitário,agronejo,,
sexy drill,,contemporary r&b,
shaabi,mahraganat,,
shaabi,,raqs baladi,
shanto,,calypso,
shibuya-kei,picopop,,
shidaiqu,,jazz,
shima-uta,,,
shinkyoku,,western classical,
shinkyoku,,meiji shinkyoku,
shitgaze,,garage rock,
shitgaze,,noise rock,
shitgaze,,shoegaze,
shoegaze,,dream pop,
shoegaze,,indie rock,
shoegaze,,neo-psychedelia,
shoegaze,,noise rock,
sierreño,corrido tumbado,,
sikuri,,,
sinawi,,,
sinfonia concertante,,,concerto
sinfonia concertante,,,symphony
singeli,,bongo flava,
singeli,,taarab,
singeli,,mchiriku,
singer-songwriter,avtorskaya pesnya,,
singer-songwriter,euskal kantagintza berria,,
singer-songwriter,kleinkunst,,
singer-songwriter,liedermacher,,
singer-songwriter,música de intervenção,,
singer-songwriter,nueva canción,,
singer-songwriter,nova cançó,,
singspiel,,ballad opera,
singspiel,,opéra comique,
sizhu music,jiangnan sizhu,,
ska,2 tone,,
ska,jamaican ska,,
ska,,calypso,
ska,,jump blues,
ska,,mento,
ska,,new orleans r&b,
ska,third wave ska,,
ska punk,,,punk rock
ska punk,,,ska
ska punk,skacore,,
ska punk,crack rock steady,,
skacore,,hardcore punk,
skiffle,,country blues,
skiffle,,dixieland,
skiffle,,jazz,
skizzo,,techno,
skweee,,synth funk,
skweee,,techno,
slack-key guitar,,,
slacker rock,shitgaze,,
slap house,,brazilian bass,
slap house,,future house,
sleaze rock,,blues rock,
sleaze rock,,glam punk,
slimepunk,,brostep,
slimepunk,,halftime,
slimepunk,,trap edm,
slowcore,,contemporary folk,
slowcore,,folk rock,
slowcore,,indie folk,
slowed & reverb,,chopped and screwed,
slowed & reverb,,vaporwave,
sludge metal,atmospheric sludge metal,,
sludge metal,,doom metal,
sludge metal,,hardcore punk,
slushwave,,ambient,
smooth jazz,,jazz fusion,
smooth soul,,motown,
soca,dennery segment,,
soca,power soca,,
soca,,calypso,
soca,bashment soca,,
soft rock,,baroque pop,
soft rock,,country rock,
soft rock,,folk pop,
soft rock,yacht rock,,
son cubano,son montuno,,
son de pascua,,villancico,
son nica,,ranchera,
songo,,funk,
songo,,jazz,
songo,,rumba cubana,
songo,,son cubano,
sonorism,,serialism,
sonorism,,stochastic music,
sophisti-pop,,jazz,
sophisti-pop,,r&b,
sophisti-pop,,soul,
soukous,kwassa kwassa,,
soul,chicago soul,,
soul,deep soul,,
soul,latin soul,,
soul,northern soul,,
soul,neo soul,,
soul,psychedelic soul,,
soul,philly soul,,
soul,southern soul,,
soul,,big band,
soul,,gospel,
soul,,r&b,
soul,smooth soul,,
soul,progressive soul,,
soul blues,,gospel,
soul blues,,jump blues,
soul blues,,soul,
soul jazz,,gospel,
soul jazz,,r&b,
soul jazz,,soul,
sound collage,spamwave,,
sound effects,binaural beats,,
sound effects,broadband noise,,
southeast asian classical,talempong,,
southeast asian classical,tembang cianjuran,,
southeast asian classical,saluang klasik,,
southeast asian classical,pinpeat,,
southeast asian classical,mahori,,
southeast asian classical,kulintang,,
southeast asian classical,kacapi suling,,
southeast asian classical,gamelan,,
southeast asian classical,burmese classical,,
southeast asian classical,thai classical,,
southern hip hop,dirty south,,
southern metal,,blues,
southern metal,,sludge metal,
southern metal,,stoner metal,
southern rock,,blues rock,
southern rock,,country,
southern rock,,folk,
southern rock,,hard rock,
southern rock,,rock and roll,
southern soul,,electric blues,
southern soul,,gospel,
southern soul,,r&b,
sovietwave,,ambient,
sovietwave,,progressive electronic,
space ambient,,drone,
space ambient,,progressive electronic,
space disco,,space rock,
space rock revival,,post-punk,
space rock revival,,,neo-psychedelia
space rock revival,,,space rock
spacesynth,,italo-disco,
spacesynth,,space disco,
spacesynth,,synth-pop,
spamwave,,noise,
spamwave,,vaporwave,
speech,sermon,,
speed garage,,garage house,
speed garage,,jungle,
speed house,,bass house,
speed house,,hard house,
speed metal,,nwobhm,
speedcore,extratone,,
speedcore,splittercore,,
spiritual jazz,,free jazz,
spirituals,,ring shout,
spirituals,concert spiritual,,
splittercore,,noise,
spoken word,guided meditation,,
spoken word,lecture,,
spoken word,fairy tale,,
spoken word,interview,,
spoken word,speech,,
spouge,,,calypso
spouge,,,ska
staïfi,,malouf,
steampunk,,dark wave,
steampunk,,industrial,
steampunk,,new wave,
steampunk,,synth-pop,
steel band,,,
stenchcore,,death metal,
stenchcore,,heavy metal,
stenchcore,,thrash metal,
stomp and holler,,folk pop,
stomp and holler,,indie folk,
stoner metal,,blues rock,
stoner metal,,doom metal,
stoner metal,,psychedelic rock,
stoner rock,desert rock,,
stoner rock,,blues rock,
stoner rock,,doom metal,
stoner rock,,psychedelic rock,
street punk,,oi,
stride,,ragtime,
stutter house,,future garage,
stutter house,,melodic house,
stutter house,,progressive house,
sufi rock,,hindustani classical,
sufiana kalam,,hindustani classical,
sufiana kalam,,islamic modal music,
sufiana kalam,,persian classical,
sungura,,benga,
sungura,,soukous,
sungura,,township jive,
sunshine pop,,easy listening,
sunshine pop,,psychedelic,
surf,surf rock,,
surf,vocal surf,,
surf,hot rod music,,
surf punk,,surf rock,
surf rock,eleki,,
surf rock,,rock and roll,
swamp blues,,cajun,
swamp blues,,zydeco,
swamp pop,,blues,
swamp pop,,new orleans r&b,
swamp pop,,rock and roll,
swamp rock,,cajun,
swamp rock,,new orleans blues,
swamp rock,,pop,
swamp rock,,zydeco,
sweet jazz,,western classical,
swing,swing revival,,
swing revival,,punk rock,
swing revival,,rockabilly,
swing revival,,ska,
symphonic black metal,,western classical,
symphonic metal,,western classical,
symphonic metal,,gothic metal,
symphonic metal,,power metal,
symphonic mugham,,mugham,
symphonic prog,,western classical,
symphonic rock,,western classical,
symphony,choral symphony,,
synth funk,minneapolis sound,,
synth-pop,,progressive electronic,
synthwave,darksynth,,
synthwave,,electro-disco,
synthwave,,house,
synthwave,,italo-disco,
synthwave,,progressive electronic,
synthwave,,synth-pop,
synthwave,sovietwave,,
synthwave,dreamwave,,
synthwave,outrun,,
séga,traditional séga,,
sōkyoku,danmono,,
sōkyoku,kumiuta,,
taarab,,kidumbak,
takamba,,,
talempong goyang,,talempong,
tallava,,dance-pop,
tamborera,,danzón,
tamborera,,tamborito,
tamborzão,,miami bass,
tango,finnish tango,,
tango,,milonga,
tango,,maxixe,
tango,nuevo tango,,
tanjidor,,marching band,
taoist ritual music,,,
taquirari,,,
tarantella,pizzica,,
tarantella,tammurriata,,
tarawangsa,,,
tassa,,dhol tasha,
tassu,,,
tbm,,,ebm
tbm,,,techno
tchinkoumé,,,
tearout brostep,,deathstep,
tech house,,techno,
tech house,deep tech,,
tech house,rominimal,,
tech trance,,techno,
technical death metal,dissonant death metal,,
technical thrash metal,,progressive rock,
techno,ambient techno,,
techno,acid techno,,
techno,bleep techno,,
techno,detroit techno,,
techno,deep techno,,
techno,free tekno,,
techno,industrial techno,,
techno,minimal techno,,
techno,melodic techno,,
techno,makina,,
techno,peak time techno,,
techno,schranz,,
techno,wonky techno,,
techno,hardgroove techno,,
techno,hard techno,,
techno bass,,electro,
techno kayō,,synth-pop,
technoid,,darkstep,
technoid,,neurofunk,
technoid,,techno,
techstep,,hardstep,
tecnobrega,,electronic,
tecnofunk,,,funk brasileiro
tecnofunk,,,tecnobrega
tecnomerengue,,cumbia,
tecnomerengue,,lambada,
tecnorumba,,rumba flamenca,
tejano,,norteño,
tejano,,polka,
tejano,,waltz,
terror plugg,,dark plugg,
terrorcore,,gabber,
tex-mex,,tejano,
texas blues,acoustic texas blues,,
texas blues,electric texas blues,,
texas blues,,jazz,
texas blues,,swing,
texas country,,neo-traditional country,
texas country,,outlaw country,
thai classical,fon leb,,
thai classical,khrueang sai,,
thai classical,piphat,,
thall,,djent,
thall,,post-metal,
third stream,,,western classical
third stream,,,jazz
third wave ska,,2 tone,
third wave ska,,punk rock,
third wave ska,,rock,
thrash metal,technical thrash metal,,
thrash metal,,hardcore punk,
thrash metal,,nwobhm,
thrash metal,,speed metal,
tiento,,,
timba,,funk,
timba,,r&b,
timba,,son cubano,
timbila,,,
tin pan alley,,ragtime,
tin pan alley,,vaudeville,
tin pan alley,,parlour music,
tivaner inngernerlu,,,
tizita,,,
toada de boi,,,
tonada asturiana,,lied,
tonada potosina,,,
tonadilla,,,
tondero,,,
tontipop,,bubblegum pop,
tontipop,,synth-pop,
tontipop,,twee pop,
tontipop,,yé-yé,
totalism,,minimalism,
tough guy hardcore,,hip hop,
tough guy hardcore,,metal,
tough guy hardcore,,oi,
township bubblegum,,disco,
township bubblegum,,mbaqanga,
township bubblegum,,synth-pop,
township bubblegum,,township jive,
township jive,,kwaito,
township jive,,mbaqanga,
toypop,,folk,
toypop,,western classical,
toytown pop,,psychedelic pop,
toytown techno,,breakbeat,
toytown techno,,jungle,
toytown techno,,techno,
tradi-moderne congolais,,,
tradi-moderne ivoirien,,congolese rumba,
tradi-moderne ivoirien,,funk,
tradi-moderne ivoirien,,highlife,
tradi-moderne ivoirien,,jazz,
tradi-moderne ivoirien,,soul,
traditional black gospel,,blues,
traditional black gospel,,spirituals,
traditional black gospel,,gospel hymn,
traditional country,country gospel,,
traditional country,country boogie,,
traditional country,close harmony,,
traditional country,,blues,
traditional country,,folk,
traditional doom metal,epic doom metal,,
traditional doom metal,,blues rock,
traditional doom metal,,heavy metal,
traditional doom metal,,psychedelic rock,
traditional pop,,vocal jazz,
traditional pop,tin pan alley,,
traditional séga,séga tambour,,
trallalero,,,
trampská hudba,,bluegrass,
trampská hudba,,country,
trance,ambient trance,,
trance,acid trance,,
trance,dream trance,,
trance,euro-trance,,
trance,hard trance,,
trance,goa trance,,
trance,melodic trance,,
trance,psytrance,,
trance,progressive trance,,
trance,tech trance,,
trance,,acid house,
trance,,ebm,
trance,,techno,
trance,vocal trance,,
trance,balearic trance,,
trance,big room trance,,
trance,hi-tech full-on,,
trance,trance 2.0,,
trance,electro trance,,
trance 2.0,,festival progressive house,
trance 2.0,,melodic trance,
trance 2.0,,progressive trance,
trance metal,,trance,
trancestep,,trance,
trap,drill,,
trap,detroit trap,,
trap,plugg,,
trap,trap metal,,
trap,tread,,
trap,trap shaabi,,
trap,sigilkore,,
trap,no melody trap,,
trap,trap latino,,
trap,regalia,,
trap,new jazz,,
trap,rage,,
trap dancehall,,trap,
trap edm,,dubstep,
trap edm,,grime,
trap edm,,trap,
trap edm,,wonky,
trap edm,twerk,,
trap edm,hybrid trap,,
trap edm,heaven trap,,
trap edm,hard trap,,
trap edm,festival trap,,
trap latino,,alternative r&b,
trap latino,,contemporary r&b,
trap latino,,reggaeton,
trap shaabi,,shaabi,
trap soul,,,contemporary r&b
trap soul,,,trap
trapfunk,,trap,
tread,,cloud rap,
tribal ambient,,folk,
tribal guarachero,,cumbia mexicana,
tribal guarachero,,electro house,
tribal guarachero,,techno,
tribal house,,folk,
tribal house,guaracha edm,,
trip hop,,hip hop,
tropical house,,deep house,
tropical rock,,calypso,
tropical rock,,reggae,
tropical rock,,rock and roll,
tropicanibalismo,,champeta,
tropicanibalismo,,cumbia,
tropicanibalismo,,salsa,
tropicanibalismo,,vallenato,
tropicália,,samba-rock,
tropicália,,mpb,
tropicália,,psychedelic pop,
tropicália,,psychedelic rock,
tropipop,,vallenato,
trot,pon-chak disco,,
trot,semi-trot,,
trova,nueva trova,,
trova yucateca,,bambuco,
trova yucateca,,bolero,
truck driving country,,bakersfield sound,
truck driving country,,country rock,
truck driving country,,honky tonk,
tsapiky,,,
tsonga disco,,,
tsugaru-jamisen,,,
tumba,,,
tumba francesa,,,
tumbélé,,biguine,
tumbélé,,compas,
tumbélé,,guaguancó,
tumbélé,,soukous,
turkish folk,zeybek,,
turkish pop,,arabesk,
turkish pop,,turkish folk,
turntablism,battle record,,
twee pop,cuddlecore,,
twerk,,bounce,
twerk,,miami bass,
twoubadou,,guajira,
twoubadou,,méringue,
tân cổ giao duyên,,cải lương,
tân cổ giao duyên,,nhạc vàng,
tân cổ giao duyên,,vietnamese bolero,
uaajeerneq,,,
uk drill,,grime,
uk funky,,dancehall,
uk funky,,soca,
uk funky,,tribal house,
uk funky,,uk garage,
uk garage,2-step,,
uk garage,bassline,,
uk garage,future garage,,
uk garage,speed garage,,
uk garage,,garage house,
uk garage,breakstep,,
uk garage,dark garage,,
uk hardcore,,bouncy techno,
uk hardcore,,breakbeat hardcore,
uk hardcore,,trance,
uk jackin,,bassline,
uk street soul,,hip hop,
uk street soul,,reggae,
uk street soul,,soul,
uk82,,oi,
uk82,,street punk,
unakesa,,,
upopo,,,
uptempo hardcore,,frenchcore,
uptempo hardcore,,gabber,
uptempo hardcore,,industrial hardcore,
uptempo hardcore,,rawstyle,
urban contemporary gospel,,contemporary christian,
urban contemporary gospel,,contemporary r&b,
urban contemporary gospel,,hip hop,
urban cowboy,,disco,
urban cowboy,,pop,
urtiin duu,,,
urumi melam,,,
utopian virtual,,easy listening,
utopian virtual,,hypnagogic pop,
utopian virtual,,new age,
utopian virtual,,smooth jazz,
utopian virtual,,synth-pop,
uzun hava,,,
vaigat,,country,
vaigat,,swing,
vaigat,,western,
vals criollo,,waltz,
vals venezolano,,joropo,
valsa brasileira,,choro,
vanera,,habanera,
vapornoise,,drone,
vapornoise,,glitch,
vapornoise,,noise,
vaportrap,,trap,
vaporwave,mallsoft,,
vaporwave,broken transmission,,
vaporwave,dreampunk,,
vaporwave,hardvapour,,
vaporwave,vaportrap,,
vaporwave,utopian virtual,,
vaporwave,barber beats,,
vaporwave,slushwave,,
vaporwave,eccojams,,
vaporwave,vapornoise,,
vaudeville blues,,,blues
vaudeville blues,,,vaudeville
vedic chant,,,
verbunkos,,,
vietnamese bolero,,bolero,
vietnamese classical,ca trù,,
vietnamese classical,hát tuồng,,
viking metal,,black metal,
viking metal,,folk,
viking rock,,folk,
viking rock,,oi,
vinahouse,,eurodance,
vinahouse,,v-pop,
visual kei,loud kei,,
visual kei,,glam rock,
visual kei,,gothic rock,
visual kei,,heavy metal,
visual kei,,beat rock,
visual kei,soft visual,,
vocal jazz,,blues,
vocal jazz,vocalese,,
vocal surf,,pop rock,
vocal trance,,pop,
volkstümliche musik,,folk,
vude,,country,
vude,,disco,
vude,,rock,
vude,,sigidrigi,
wa euro,,eurobeat,
wa euro,,hi-nrg,
waila,,cumbia,
waila,,norteño,
waila,,polka,
waka,,,
waltz,slow waltz,,
waltz,valsa brasileira,,
waltz,vals venezolano,,
wangga,,,
war metal,,death metal,
wassoulou,,,
wave,,cloud rap,
wave,,trap,
wave,hardwave,,
wave,neo-grime,,
weightless,,ambient,
west coast breaks,,breakbeat hardcore,
west coast breaks,,progressive house,
west coast breaks,,techno,
west coast breaks,,trance,
west coast swing,,,
western classical,baroque,,
western classical,contemporary classical,,
western classical,ballet,,
western classical,cantata,,
western classical,motet,,
western classical,impressionism,,
western classical,art song,,
western classical,mass,,
western classical,modern classical,,
western classical,march,,
western classical,madrigal,,
western classical,neoclassicism,,
western classical,opera,,
western classical,romantic classical,,
western classical,renaissance,,
western classical,symphony,,
western classical,zarzuela,,
western classical,nocturne,,
western classical,étude,,
western classical,concerto,,
western classical,symphonic poem,,
western classical,oratorio,,
western classical,medieval,,
western classical,classical period,,
western classical,brass band,,
western classical,overture,,
western classical,prelude,,
western classical,toccata,,
western classical,sonata,,
western classical,fantasia,,
western classical,baroque suite,,
western classical,serenade,,
western classical,divertissement,,
western classical,sinfonia concertante,,
western classical,cinematic classical,,
western classical,ricercar,,
western classical,concert band,,
western classical,fugue,,
western classical,capriccio,,
western classical,canzona,,
western classical,impromptu,,
western classical,bagatelle,,
western classical,character piece,,
western classical,theme and variations,,
western classical,passion setting,,
western classical,english pastoral school,,
western classical,concertina band,,
western classical,string quartet,,
western classical,symphonic mugham,,
western swing,,dixieland,
western swing,,swing,
whistling,,,
winter synth,,dark ambient,
winter synth,,drone,
witch house,,chillwave,
witch house,,chopped and screwed,
witch house,,dark wave,
witch house,,dream pop,
witch house,,ethereal wave,
witch house,,shoegaze,
witch house,,southern hip hop,
wong shadow,,surf rock,
wonky,,,dubstep
wonky,,,glitch hop
wonky techno,,breakbeat,
wonky techno,,electro,
wonky techno,,glitch,
work song,aboio,,
work song,sea shanty,,
work song,shan'ge,,
work song,haozi,,
work song,industrial folk song,,
work song,military cadence,,
world fusion,,,folk
world fusion,,,jazz
worldbeat,,folk,
xaxado,,,
xian psych,,psychedelic pop,
xian psych,,psychedelic rock,
xote,,schottische,
xtra raw,,uptempo hardcore,
xẩm,,,
yacht rock,,r&b,
yakousei,,alternative dance,
yakousei,,indie pop,
yakousei,,indie rock,
yakousei,,nu disco,
yakousei,,post-punk revival,
yaraví,,,
yu-mex,,regional mexicano,
yukar,,,
yé-yé,,beat music,
yé-yé,,rock and roll,
zamba,,zamacueca,
zarzuela,género chico,,
zarzuela,género grande,,
zarzuela,zarzuela barroca,,
zess,,soca,
zeuhl,,jazz,
zeuhl,,modern classical,
zeuhl,,progressive rock,
zhongguo feng,,folk,
ziglibithy,,funk,
ziglibithy,,makossa,
ziglibithy,,soukous,
zinli,,,
zoblazo,,,
zohioliin duu,,pop,
zolo,,new wave,
zolo,,post-punk,
zolo,,progressive rock,
zouk,cabo zouk,,
zouk,zouk love,,
zouk,,bélé,
zouk,,biguine,
zouk,,cadence lypso,
zouk,,compas,
zouk,,gwo ka,
zouk,afro-zouk,,
zydeco,nouveau zydeco,,
zydeco,,blues,
zydeco,,cajun,
zydeco,,jazz,
zydeco,,r&b,
éntekhno,neo kyma,,
özgün müzik,,anatolian rock,
özgün müzik,,arabesk,
čalgija,,,
ʻōteʻa,,,
