genere,sottogenere
black metal,atmospheric black metal
singer-songwriter,avtorskaya pesnya
progressive rock,avant-prog
pop,avant-garde pop
keroncong,langgam jawa
jazz,avant-garde jazz
metal,avant-garde metal
sludge metal,atmospheric sludge metal
rock,art rock
punk,art punk
pop,art pop
medieval,ars antiqua
medieval,ars nova
medieval,ars subtilior
funk brasileiro,arrocha funk
rock,anatolian rock
rock,arena rock
hip hop,arabesk rap
folk,appalachian folk
rock,aor
contemporary folk,anti-folk
punk,anarcho-punk
contemporary folk,american primitive guitar
ambient,ambient americana
house,ambient house
harsh noise wall,ambient noise wall
pop,ambient pop
techno,ambient techno
trance,ambient trance
house,amapiano
country,alternative country
rock,alternative rock
punk,alternative punk
pop,alternative pop
contemporary folk,avant-folk
hip hop,alternative hip hop
contemporary folk,alternative folk
metal,alternative metal
electronic,algorave
j-pop,akishibu-kei
dark electro,aggrotech
hip hop,afroswing
jazz,afro-jazz
latin jazz,afro-cuban jazz
funk,afro-funk
hip hop,afro trap
rock,afro rock
blues,african blues
texas blues,acoustic texas blues
texas blues,electric texas blues
blues,texas blues
chicago blues,acoustic chicago blues
blues,chicago blues
rock,acoustic rock
blues,acoustic blues
trance,acid trance
techno,acid techno
house,acid house
psychedelic rock,acid rock
hip hop,abstract hip hop
uk garage,2-step
ska,2 tone
hardcore punk,burning spirits
pop rock,burmese stereo
highlife,burger-highlife
hardcore techno,belgian techno
pop,bubblegum pop
edm,bubblegum bass
progressive rock,brutal prog
death metal,brutal death metal
dubstep,brostep
country pop,bro-country
alternative rock,britpop
r&b,british rhythm & blues
folk rock,british folk rock
blues,british blues
hardcore hip hop,britcore
funk,brit funk
pop,brill building
brega,brega calypso
breakbeat,acid breaks
breakbeat,big beat
breakbeat,breakbeat hardcore
breakbeat,nu skool breaks
breakbeat,progressive breaks
breakcore,lolicore
breakcore,mashcore
comedy,break-in
hip hop,bounce
samba,bossa nova
hip hop,boom bap
blues,boogie-woogie
blues rock,boogie rock
disco,boogie
latin,boogaloo
hip hop,bongo flava
canción melódica,bolero-beat
bluegrass,bluegrass gospel
bluegrass,progressive bluegrass
country,bluegrass
r&b,blue-eyed soul
techno,bleep techno
death metal,blackened death metal
crust punk,blackened crust
noise,black noise
black metal,depressive black metal
black metal,melodic black metal
black metal,pagan black metal
black metal,symphonic black metal
black metal,war metal
metal,black metal
dark ambient,black ambient
black metal,black 'n' roll
bit music,bytebeat
bit music,chiptune
electronic,bit music
house,big room house
jazz,big band
progressive electronic,berlin school
chinese opera,beijing opera
chinese opera,cantonese opera
chinese opera,yue opera
beijing opera,chinese revolutionary opera
indie pop,bedroom pop
jazz,bebop
hardcore punk,beatdown hardcore
poetry,beat poetry
pop rock,beat music
funk mandelão,beat bruxaria
hip hop,battle rap
brega funk,batidão romântico
edm,breakcore
edm,bubbling
kuduro,batida
uk garage,bassline
house,bass house
pop,baroque pop
western classical,baroque
pop,bardcore
banda sinaloense,technobanda
house,balearic beat
country,bakersfield sound
folk,bagad
latin,bachata
jazz,cape jazz
celtic,cape breton fiddling
cantoria,repente
c-pop,cantopop
c-pop,mandopop
c-pop,zhongguo feng
psychedelic rock,canterbury scene
pop,canción melódica
zouk,cabo zouk
musical,cabaret
indie pop,c86
pop,c-pop
grindcore,cybergrind
industrial metal,cyber metal
cumbia,cumbia argentina
cumbia argentina,cumbia turra
cumbia argentina,cumbia villera
cumbia mexicana,cumbia sonidera
cumbia argentina,cumbia santafesina
cumbia argentina,cumbia pop
cumbia,cumbia peruana
norteño,cumbia norteña mexicana
cumbia,cumbia mexicana
reggaeton,cubatón
crust punk,neocrust
crust punk,stenchcore
hardcore punk,crust punk
hip hop,crunk
progressive rock,crossover prog
jazz,crossover jazz
jazz,crime jazz
punk,cowpunk
edm,coupé-décalé
country pop,countrypolitan
country,country yodeling
traditional country,country gospel
blues,country blues
traditional country,country boogie
sierreño,corrido tumbado
jazz,cool jazz
r&b,contemporary r&b
jazz,contemporary jazz
folk,contemporary folk
gospel,contemporary gospel
country,contemporary country
western classical,contemporary classical
pop,contemporary christian
hip hop,conscious hip hop
electronic,experimental electronic
electro house,complextro
edm,baltimore club
rock,comedy rock
hip hop,comedy hip hop
post-punk,coldwave
electronic,club
hip hop,cloud rap
traditional country,close harmony
pop,classical crossover
rock,classic rock
jazz,classic jazz
country,classic country
blues,classic blues
pop,city pop
western classical,ballet
drum and bass,dubwise
rock,christian rock
metal,christian metal
hip hop,christian hip hop
polka,schottische
hip hop,chopped and screwed
hip hop,chipmunk soul
indietronica,chillwave
electronic,chillsynth
dubstep,chillstep
hip hop,chicano rap
soul,chicago soul
pop rap,chicago bop
chanson française,chanson réaliste
chanson française,chanson à texte
indie pop,chamber pop
contemporary folk,chamber folk
folk rock,celtic rock
folk punk,celtic punk
new age,celtic new age
folk metal,celtic metal
celtic,irish folk
folk,celtic
electronic,horror synth
synthwave,darksynth
drum and bass,darkstep
psytrance,dark psytrance
jazz,dark jazz
neofolk,dark folk
electro-industrial,dark electro
vaporwave,mallsoft
vaporwave,broken transmission
pop,dansband
sōkyoku,danmono
dancehall,ragga
dancehall,shatta
reggae,dancehall
rock,dance-rock
post-punk,dance-punk
pop,dance-pop
hardcore punk,d-beat
norteño,duranguense
electronic,dungeon synth
indie rock,dunedin sound
minimal techno,dub techno
poetry,dub poetry
reggae,dub
drum and bass,drumstep
hip hop,drumless hip hop
metal,drone metal
drum and bass,drill and bass
idm,drill and bass
trap,drill
electronic,drift phonk
vaporwave,dreampunk
trance,dream trance
alternative rock,dream pop
electronic,downtempo
hardcore techno,doomcore
doom metal,funeral doom metal
doom metal,traditional doom metal
metal,doom metal
r&b,doo-wop
indie pop,donosti sound
hard house,hardbass
hard house,donk
progressive metal,djent
jazz,dixieland
diva house,hardbag
house,diva house
technical death metal,dissonant death metal
southern hip hop,dirty south
hip hop,digicore
hindustani classical,dhrupad
trap,detroit trap
techno,detroit techno
stoner rock,desert rock
pop,denpa
soca,dennery segment
blues,delta blues
techno,deep techno
soul,deep soul
house,deep house
funk,deep funk
edm,deconstructed club
brostep,deathstep
punk rock,deathrock
doom metal,death-doom metal
metal,death metal
industrial,death industrial
death metal,death 'n' roll
speedcore,extratone
hip hop,experimental hip hop
rock,experimental rock
big band,experimental big band
easy listening,exotica
singer-songwriter,euskal kantagintza berria
pop,europop
dance,eurodance
dance,eurobeat
disco,euro-disco
house,euro house
jazz,ethio-jazz
dark wave,ethereal wave
traditional doom metal,epic doom metal
post-industrial,epic collage
screamo,emoviolence
emo,emocore
post-hardcore,emocore
emo,midwest emo
alternative rock,emo
post-hardcore,emo
coco,embolada
surf rock,eleki
punk,electropunk
pop,electropop
electronic,electronica
industrial,electro-industrial
funk,electro-funk
edm,electro latino
house,electro house
dance,electro
electric blues,electric texas blues
blues,electric blues
electronic,edm
post-industrial,ebm
pop punk,easycore
pop,easy listening
hip hop,east coast hip hop
free improvisation,eai
edm,future rave
electronic,futurepop
house,future house
uk garage,future garage
house,future funk
future bass,future core
future bass,kawaii future bass
edm,future bass
house,funky house
electronic,funktronica
edm,funkot
sertanejo universitário,funknejo
funk brasileiro,funk proibidão
funk brasileiro,funk ostentação
funk brasileiro,funk melody
funk brasileiro,funk mandelão
hardcore techno,frenchcore
house,french house
electro house,french electro
hardcore techno,freeform hardcore
techno,free tekno
jazz,free jazz
psychedelic folk,free folk
rock,freakbeat
edm,freestyle
psychedelic folk,freak folk
forró,forró eletrônico
forró,forró universitário
edm,footwork
electronic,folktronica
rock,folk rock
punk,folk punk
metal,folk metal
dancehall,flex dance music
electronic,flashcore
dark psytrance,psycore
western classical,cantata
outsider house,lo-fi house
musical,rock musical
pop,flamenco pop
flamenco,nuevo flamenco
tango,finnish tango
contemporary folk,filk
bolero,filin
electro house,fidget house
fandango,fandango caiçara
fado,fado de coimbra
punk rock,gypsy punk
jazz,gypsy jazz
spoken word,guided meditation
rumba cubana,guaguancó
alternative rock,grunge
beat music,group sounds
metal,groove metal
edm,grime
plainchant,gregorian chant
alternative rock,grebo
house,gqom
rock,gothic rock
metal,gothic metal
alternative country,gothic country
reggae,gospel reggae
goregrind,gorenoise
grindcore,goregrind
funk,go-go
indietronica,glitch pop
electronic,glitch
rock,glam rock
hard rock,glam metal
edm,ghettotech
house,ghetto house
hip hop,genge
garage rock,garage rock revival
rock,garage rock
house,garage house
hip hop,gangsta rap
gamelan,balinese gamelan
gamelan,javanese gamelan
balinese gamelan,gamelan semar pegulingan
javanese gamelan,gamelan sekaten
balinese gamelan,gamelan jegog
balinese gamelan,gamelan gong kebyar
balinese gamelan,gamelan gong gede
balinese gamelan,gamelan gender wayang
gamelan,gamelan degung
balinese gamelan,gamelan beleganjur
balinese gamelan,gamelan angklung
gamelan,malay gamelan
balinese gamelan,gamelan selunding
balinese gamelan,gamelan joged bumbung
javanese gamelan,gamelan salendro
javanese gamelan,gamelan siteran
hardcore techno,gabber
hip hop,g-funk
western classical,motet
indie rock,hamburger schule
trance,euro-trance
edm,hands up
hardcore techno,happy hardcore
jazz,hard bop
happy hardcore,bouncy techno
house,hard house
rock,hard rock
trance,hard trance
hip hop,hardcore hip hop
punk rock,hardcore punk
edm,hardcore techno
edm,hardstyle
vaporwave,hardvapour
harsh noise,harsh noise wall
noise,harsh noise
rock,heartland rock
metal,heavy metal
psychedelic rock,heavy psych
electronic,hexd
disco,electro-disco
electro-disco,hi-nrg
blues,hill country blues
contemporary r&b,hip hop soul
house,hip house
hip hop,hiplife
country,honky tonk
punk rock,horror punk
hip hop,horrorcore
pop,hyperpop
hip hop,hyphy
pop,hypnagogic pop
sound effects,binaural beats
trance,goa trance
electronic,idm
kayōkyoku,idol kayō
electronic,illbient
western classical,impressionism
pop,indian pop
contemporary folk,indie folk
pop,indie pop
alternative rock,indie rock
indie rock,indie surf
electronic,indietronica
rock and roll,indorock
hardcore techno,industrial hardcore
experimental hip hop,industrial hip hop
musical,industrial musical
techno,industrial techno
hip hop,instrumental hip hop
rock,instrumental rock
jazz,instrumental jazz
eurodance,italo dance
house,italo house
electro-disco,italo-disco
edm,jungle terror
drum and bass,jungle
drum and bass,jump up
blues,jump blues
ghetto house,juke
acoustic blues,jug band
beat music,jovem guarda
hip hop,jerk rap
jazz,jazz-funk
rock,jazz rock
hip hop,jazz rap
pop,jazz pop
poetry,jazz poetry
jazz,jazz fusion
pop rock,jangle pop
progressive bluegrass,jamgrass
ska,jamaican ska
rock,jam band
alternative rock,j-rock
hardcore techno,j-core
pop,j-pop
soukous,kwassa kwassa
house,kwaito
sōkyoku,kumiuta
edm,kuduro
experimental rock,krautrock
chinese opera,korean revolutionary opera
korean ballad,oriental ballad
pop,korean ballad
dangdut,koplo
punk rock,könsrock
singer-songwriter,kleinkunst
hindustani classical,khyal
kayōkyoku,mood kayō
kayōkyoku,techno kayō
pop,kayōkyoku
metal,kawaii metal
pop,k-pop
art song,lute song
western classical,art song
experimental,reductionism
reductionism,lowercase
reggae,lovers rock
easy listening,lounge
blues,louisiana blues
instrumental hip hop,lo-fi hip hop
alternative rock,lo-fi
drum and bass,atmospheric drum and bass
drum and bass,jazzstep
drum and bass,liquid funk
singer-songwriter,liedermacher
pop,levenslied
edm,lento violento
electronic,leftfield
spoken word,lecture
soul,latin soul
rock,latin rock
pop,latin pop
jazz,latin jazz
funk,latin funk
disco,latin disco
ballad,latin ballad
hardstyle,euphoric hardstyle
hardstyle,rawstyle
rawstyle,rawphoric
western classical,mass
hardstyle,psystyle
experimental electronic,electroacoustic
electroacoustic,musique concrète
singer-songwriter,música de intervenção
musical,music hall
murga,murga uruguaya
musical,murga
pop,mulatós
norteño,movimiento alterado
pop soul,motown
mor lam,mor lam sing
electro house,dutch house
edm,moombahton
edm,moombahcore
western classical,modern classical
blues,modern blues
jazz,modal jazz
sertanejo raiz,moda de viola
mod,mod revival
rock,mod
hip hop,mobb music
synth funk,minneapolis sound
modern classical,minimalism
minimal wave,minimal synth
electronic,minimal wave
techno,minimal techno
drum and bass,minimal drum and bass
grindcore,mincecore
rock,miejski folk
edm,midtempo bass
electronic,microsound
house,microhouse
hip hop,miami bass
merengue,merenhouse
hardcore hip hop,memphis rap
trance,melodic trance
techno,melodic techno
metalcore,melodic metalcore
hardcore punk,melodic hardcore
dubstep,melodic dubstep
death metal,melodic death metal
folk rock,medieval rock
folk metal,medieval metal
marabi,mbaqanga
metalcore,mathcore
rock,math rock
math rock,math pop
post-industrial,martial industrial
western classical,march
jazz,marabi
pop rock,manila sound
rock,mangue beat
folk pop,manele
techno,makina
rock,mainstream rock
shaabi,mahraganat
western classical,madrigal
alternative dance,madchester
pop,nyū myūjikku
tango,nuevo tango
nueva canción,nuevo cancionero
trova,nueva trova
singer-songwriter,nueva canción
alternative metal,nu metal
electronic,nu jazz
electronic,nu disco
dub,novo dub
ragtime,novelty piano
singer-songwriter,nova cançó
soul,northern soul
hardcore punk,noisecore
rock,noise rock
indie rock,noise pop
experimental,noise
experimental rock,no wave
post-hardcore,nintendocore
electronic,nightcore
rock,new wave
new wave,new romantic
alternative dance,new rave
r&b,new orleans r&b
blues,new orleans blues
contemporary r&b,new jack swing
ebm,new beat
drum and bass,neurofunk
new wave,neue deutsche welle
alternative metal,neue deutsche härte
hip hop,nerdcore
reggaeton,neoperreo
contemporary folk,neofolk
western classical,neoclassicism
new age,neoclassical new age
metal,neoclassical metal
dark wave,neoclassical dark wave
contemporary country,neo-traditional country
rock,neo-rockabilly
psychedelic,neo-psychedelia
progressive rock,neo-progressive rock
folk,neo-medieval folk
pop,neo-acoustic
soul,neo soul
éntekhno,neo kyma
pop,nederpop
beat music,nederbeat
field recording,nature sounds
country,nashville sound
corrido,narcocorrido
house,outsider house
progressive country,outlaw country
jazz,orchestral jazz
edm,nortec
western classical,opera
reductionism,onkyo
folk,old-time
hip hop,old school hip hop
death metal,old school death metal
punk rock,oi
rock,occult rock
punk,punk rock
hip hop,punk rap
rock,punk blues
rock,pub rock
trance,psytrance
soul,psychedelic soul
rock,psychedelic rock
pop,psychedelic pop
contemporary folk,psychedelic folk
electronic,psybient
rock,proto-punk
trance,progressive trance
rock,progressive rock
pop,progressive pop
metal,progressive metal
house,progressive house
contemporary folk,progressive folk
electronic,progressive electronic
country,progressive country
comedy,prank calls
hardcore punk,powerviolence
soca,power soca
pop rock,power pop
post-industrial,power noise
metal,power metal
noise,power electronics
rock,post-rock
post-punk,post-punk revival
rock,post-punk
modern classical,post-minimalism
metal,post-metal
industrial,post-industrial
punk,post-hardcore
alternative rock,post-grunge
contemporary classical,post-classical
alternative rock,post-britpop
jazz,post-bop
goregrind,pornogrind
funk,porn groove
rock,pop yeh-yeh
hip hop,pop rap
raï,pop raï
punk rock,pop punk
metal,pop metal
pop,pop ghazal
dungeon synth,dungeon chip
trot,pon-chak disco
hip hop,political hip hop
poetry,slam poetry
poetry,sound poetry
experimental,plunderphonics
plugg,pluggnb
trap,plugg
tarantella,pizzica
forró eletrônico,piseiro
country blues,piedmont blues
shibuya-kei,picopop
rock,piano rock
blues,piano blues
hip hop,phonk
folk rock,phleng phuea chiwit
soul,philly soul
pop,persian pop
techno,peak time techno
samba,partido alto
neo-psychedelia,paisley underground
pagode,pagode romântico
samba,pagode
samba,pagodão
folk,pagan folk
funk,p-funk
art song,russian romance
pop,russian chanson
runo song,seto leelo
flamenco,rumba flamenca
western classical,romantic classical
rock,roots rock
reggae,roots reggae
pop,rom kbach
rock and roll,rockabilly
rock,rock urbano
rock,rock opera
rock,rock andino
reggae,pacific reggae
mass,requiem
rock,rock andaluz
rock,rock and roll
reggaeton,rkt
dark ambient,ritual ambient
punk rock,riot grrrl
latin,rhumba
western classical,renaissance
reggae,reggae-pop
country,red dirt
rock,rautalanka
funk brasileiro,rasteirinha
alternative metal,rap metal
jungle,ragga jungle
psychedelic rock,raga rock
r&b,quiet storm
punk rock,queercore
pop,q-pop
gospel,sacred steel
salsa,salsa choke
salsa,salsa dura
salsa,salsa romántica
samba,samba de breque
samba,samba de gafieira
samba,samba de roda
samba,samba de terreiro
samba-rock,samba soul
samba,samba-canção
samba,samba-enredo
samba,samba-exaltação
samba,samba-joia
samba,samba-rock
samba,sambalanço
hardcore punk,sasscore
pop,schlager
techno,schranz
post-hardcore,screamo
electronic,synthwave
pop,synth-pop
funk,synth funk
western classical,symphony
rock,symphonic rock
progressive rock,symphonic prog
metal,symphonic metal
folk,scrumpy and western
swing,swing revival
jazz,swing
rock,swamp rock
r&b,swamp pop
electric blues,swamp blues
visual kei,loud kei
folk,sutartinės
irish folk,sean-nós
electronic,seapunk
surf,surf rock
rock,surf
punk rock,surf punk
folk,seguidilla
trot,semi-trot
modern classical,serialism
sertanejo,sertanejo universitário
sertanejo,sertanejo romântico
sertanejo,sertanejo raiz
folk,sevdalinka
folk,sevillanas
edm,shangaan electro
pop,shibuya-kei
alternative rock,shoegaze
pop,sundanese pop
norteño,sierreño
edm,singeli
rock,sufi rock
jazz,stride
hardcore punk,street punk
hard rock,stoner rock
folk,stornello
metal,stoner metal
comedy,standup comedy
spoken word,fairy tale
spoken word,interview
spoken word,speech
speedcore,splittercore
hardcore techno,speedcore
heavy metal,nwobhm
heavy metal,speed metal
uk garage,speed garage
modern classical,spectralism
psychedelic rock,space rock
electro-disco,space disco
ambient,space ambient
synthwave,sovietwave
easy listening,space age pop
soul,southern soul
rock,southern rock
metal,southern metal
hip hop,southern hip hop
gospel,southern gospel
experimental,sound collage
experimental,sound art
jazz,soul jazz
blues,soul blues
pop,sophisti-pop
son cubano,son montuno
rock,soft rock
ska punk,skacore
punk rock,skate punk
comedy,sketch comedy
folk,skiffle
laiko,skiladiko
reggae,skinhead reggae
darkstep,skullstep
electro,skweee
indie rock,slacker rock
brutal death metal,slam death metal
waltz,slow waltz
indie rock,slowcore
metal,sludge metal
jazz,smooth jazz
soul,smooth soul
hip hop,snap
folk,tajaraste
folk,talking blues
folk pop,tallava
tarantella,tammurriata
folk,tarantella
kizomba,tarraxinha
house,tech house
trance,tech trance
death metal,technical death metal
thrash metal,technical thrash metal
miami bass,techno bass
drum and bass,hardstep
drum and bass,techstep
brega,tecnobrega
dance-pop,tecnorumba
pop,teen pop
hardcore techno,terrorcore
roots rock,tex-mex
country,texas country
ska,third wave ska
metal,thrash metal
hardcore punk,thrashcore
hindustani classical,thumri
salsa,timba
dance-pop,township bubblegum
gospel,traditional black gospel
country,traditional country
metal,trance metal
hip hop,trap
edm,trap edm
trap,trap metal
trap,tread
ambient,tribal ambient
edm,tribal guarachero
house,tribal house
downtempo,trip hop
house,tropical house
pop rock,tropical rock
latin pop,tropipop
country,truck driving country
folk pop,turbo-folk
hip hop,turntablism
indie pop,twee pop
edm,techno
edm,balani show
edm,breakbeat
edm,broken beat
edm,drum and bass
edm,dubstep
edm,electroclash
edm,house
edm,rave
edm,trance
zydeco,nouveau zydeco
zouk,zouk love
rock,zolo
avant-prog,zeuhl
western classical,zarzuela
psychedelic rock,zamrock
electronic,digital fusion
house,speed house
regional mexicano,banda sinaloense
regional mexicano,canto cardenche
regional mexicano,chilena
regional mexicano,corrido
regional mexicano,mariachi
regional mexicano,norteño
regional mexicano,ranchera
regional mexicano,son calentano
regional mexicano,son huasteco
regional mexicano,son istmeño
regional mexicano,son jarocho
regional mexicano,tejano
regional mexicano,trova yucateca
folk,yodeling
pop,yé-yé
j-rock,yakousei
soft rock,yacht rock
techno,wonky techno
pop,wong shadow
electronic,witch house
country,western swing
country,western
hip hop,west coast hip hop
electronic,wave
folk,waulking song
schlager,volkstümliche musik
trance,vocal trance
surf,vocal surf
jazz,vocal jazz
house,vocal house
rock,visual kei
folk,visa
punk rock,viking rock
metal,viking metal
musical,vaudeville
electronic,vaporwave
vaporwave,vaportrap
pop,v-pop
country,urban cowboy
ngoma,unyago
hip hop,underground hip hop
hardcore punk,uk82
contemporary r&b,uk street soul
happy hardcore,uk hardcore
edm,uk garage
edm,uk funky
drill,uk drill
marching band,pep band
trap,trap shaabi
nueva canción,nueva canción chilena
nueva canción,nueva canción española
cumbia,nueva cumbia chilena
wave,hardwave
electronic,moogsploitation
electronic,minatory
electronic,celtic electronica
dungeon synth,comfy synth
dungeon synth,winter synth
bit music,fm synthesis
edm,spacesynth
bit music,doskpop
electroacoustic,acousmatic
vaporwave,utopian virtual
brostep,colour bass
brostep,riddim dubstep
dubstep,dungeon sound
dubstep,purple sound
edm,budots
edm,bérite club
edm,artcore
dance-pop,romanian popcorn
edm,nerdcore techno
edm,manyao
edm,hard drum
grime,weightless
breakbeat,breakbeat kota
edm,jersey club
breakbeat kota,jungle dutch
edm,footwork jungle
eurodance,bubblegum dance
edm,philly club
breakbeat,florida breaks
breakbeat hardcore,hardcore breaks
breakbeat hardcore,darkcore
hardcore techno,uptempo hardcore
gabber,nu style gabber
breakcore,raggacore
hardcore techno,acidcore
hardcore techno,modern hardtek
edm,hard nrg
edm,jumpstyle
hardstyle,dubstyle
trap edm,twerk
trap edm,hybrid trap
house,festival progressive house
trap edm,heaven trap
trap edm,hard trap
trap edm,festival trap
psytrance,suomisaundi
psytrance,progressive psytrance
goa trance,nitzhonot
psytrance,full-on
dark psytrance,hi-tech
trance,balearic trance
trance,big room trance
techno,hardgroove techno
uk garage,breakstep
house,vinahouse
tribal house,guaracha edm
tech house,deep tech
house,latin house
house,g-house
house,jersey sound
house,brazilian bass
house,slap house
electro house,melbourne bounce
house,future bounce
house,chicago house
house,ballroom house
house,afro house
drum and bass,trancestep
liquid funk,sambass
drum and bass,halftime
drum and bass,drumfunk
drum and bass,dancefloor drum and bass
western classical,nocturne
marching band,drumline
marching band,fife and drum
folk,fife and drum blues
symphony,choral symphony
experimental,tape music
jazz,modern creative
modern classical,indeterminacy
modern classical,futurism
experimental,data sonification
experimental,conducted improvisation
laiko,modern laiko
contemporary christian,praise & worship
pop,dansktop
easy listening,cocktail nation
pop,palingsound
pop,sunshine pop
pop,opm
opera,operetta
musical,minstrelsy
musical,revue
opera,opéra comique
opera,ballad opera
opera,singspiel
opera,opera buffa
opera,opera seria
opera,tragédie en musique
opera,opera semiseria
opera,grand opera
opera,zeitoper
house,organic house
jam band,livetronica
vaporwave,barber beats
western classical,étude
indian classical,carnatic classical
indian classical,hindustani classical
indian classical,odissi classical
classical,andalusian classical
classical,indian classical
classical,western classical
classical,islamic modal music
islamic modal music,mugham
islamic modal music,sawt
islamic modal music,iraqi maqam
islamic modal music,turkish classical
classical,persian classical
classical,sufiana kalam
classical,shashmaqam
classical,pìobaireachd
classical,guoyue
classical,southeast asian classical
southeast asian classical,talempong
southeast asian classical,tembang cianjuran
southeast asian classical,saluang klasik
southeast asian classical,pinpeat
southeast asian classical,mahori
southeast asian classical,kulintang
southeast asian classical,kacapi suling
southeast asian classical,gamelan
southeast asian classical,burmese classical
classical,chinese classical
chinese classical,baisha xiyue
chinese classical,chinese opera
chinese classical,yayue
chinese classical,dongjing
thai classical,fon leb
thai classical,khrueang sai
thai classical,piphat
southeast asian classical,thai classical
vietnamese classical,ca trù
vietnamese classical,hát tuồng
classical,vietnamese classical
korean classical,aak
korean classical,dangak
korean classical,gagok
korean classical,hyangak
korean classical,jeongak
classical,korean classical
japanese classical,gagaku
japanese classical,heikyoku
japanese classical,honkyoku
japanese classical,jiuta
japanese classical,jōruri
japanese classical,meiji shinkyoku
japanese classical,nagauta
japanese classical,noh
japanese classical,shōmyō
japanese classical,sōkyoku
classical,japanese classical
western classical,concerto
western classical,symphonic poem
art song,orchestral song
western classical,oratorio
modern classical,stochastic music
modern classical,sonorism
serialism,integral serialism
modern classical,totalism
modern classical,new complexity
modern classical,musique concrète instrumentale
modern classical,microtonal classical
modern classical,expressionism
western classical,medieval
medieval,plainchant
plainchant,ambrosian chant
medieval,medieval lyric poetry
waltz,valsa brasileira
western classical,classical period
march,circus march
art song,mélodie
art song,lied
pop,traditional pop
pop,orthodox pop
western classical,brass band
brass band,british brass band
hindustani classical,natya sangeet
hindustani classical,abhang
folk,falak
trap,sigilkore
drill,jersey drill
western classical,overture
musical,chèo
cumbia,cumbia colombiana
jazz,indo jazz
plunderphonics,ytpmv
plunderphonics,mad
pop,jesus music
folk,white voice
zouk,afro-zouk
house,changa tuki
riddim dubstep,future riddim
western classical,prelude
edm,glitch hop edm
glitch hop edm,neurohop
folk,néo-trad
psytrance,forest psytrance
nature sounds,animal sounds
opera,romantische oper
ska punk,crack rock steady
opera,verismo
western classical,toccata
drill,chicago drill
industrial techno,birmingham sound
animal sounds,whale song
folk,música criolla
música criolla,festejo
música criolla,landó
música criolla,marinera
música criolla,polca criolla
música criolla,vals criollo
alternative rock,geek rock
western classical,sonata
folk,trampská hudba
merengue,mambo urbano
animal sounds,birdsong
full-on,night full-on
plugg,dark plugg
opera,monodrama
afrobeats,afropiano
western classical,fantasia
merengue,merengue típico
electronic,black midi
folk,xuc
garage house,gospel house
church music,anglican chant
church music,plainchant
funk mandelão,funk automotivo
church music,byzantine chant
minimalism,holy minimalism
traditional pop,tin pan alley
western classical,baroque suite
trap,no melody trap
techno,hard techno
concerto,concerto grosso
western classical,serenade
canción melódica,música cebolla
vaporwave,slushwave
edm,cruise
western classical,divertissement
plainchant,mozarabic chant
calypso,calipso venezolano
hardcore techno,powerstomp
plainchant,beneventan chant
modern hardtek,raggatek
folk,biraha
progressive psytrance,zenonesque
plainchant,old roman chant
pop,pop minang
march,funeral march
flamenco,bulería
reggaeton,bachatón
lambada,guitarrada
kirtan,shabad kirtan
western classical,sinfonia concertante
concerto,concerto for orchestra
contemporary folk,neofolklore
beat music,merseybeat
ambient,kankyō ongaku
electronic,sampledelia
d-beat,raw punk
breakbeat,west coast breaks
edm,dark disco
western classical,cinematic classical
pop,pop kreatif
new age,native american new age
new age,andean new age
reggaeton,cumbiatón
house,melodic house
contemporary r&b,alternative r&b
pop punk,neon pop punk
hardcore techno,hyper techno
maloya,maloya élektrik
hindustani classical,tappa
trap,trap latino
house,uk jackin
zarzuela,género chico
funk brasileiro,tamborzão
funk brasileiro,funk de bh
church music,zema
denpa,moe song
memphis rap,dungeon rap
western classical,ricercar
zarzuela,género grande
merengue,tecnomerengue
house,jackin house
cumbia,cumbia chilena
glitch hop edm,ghetto funk
pluggnb,asian rock
slacker rock,shitgaze
zarzuela,zarzuela barroca
western classical,concert band
dancehall,zess
poetry,cowboy poetry
brostep,tearout brostep
soca,bashment soca
neo-psychedelia,psichedelia occulta italiana
turntablism,battle record
afrobeats,alté
hip hop,hipco
genge,gengetone
ballet,ballet de cour
dubstep,tearout
plainchant,celtic chant
breakbeat,psybreaks
trap,regalia
tech house,rominimal
hip hop,lowend
funk brasileiro,mega funk
hip hop,ratchet music
hardcore techno,deathchant hardcore
comedy hip hop,chap hop
pop punk,seishun punk
edm,ori deck
modal jazz,jazz mugham
wave,neo-grime
andalusian classical,malouf
rock,reggae rock
pop minang,talempong goyang
folk,work song
work song,aboio
work song,sea shanty
work song,shan'ge
chinese opera,henan opera
dancehall,gommance
vocal jazz,vocalese
folk,fijiri
folk rock,rock rural
edm,dariacore
brostep,briddim
contemporary folk,stomp and holler
sound effects,broadband noise
house,phonk house
chinese opera,yangzhou opera
indie pop,tontipop
barbershop,jubilee
folk,isa
folk,tonada asturiana
jazz,spiritual jazz
edm,aquacrunk
post-metal,doomgaze
pop,t-pop
funk brasileiro,funk carioca
vaporwave,eccojams
folk,new mexico music
islamic modal music,uyghur muqam
hardcore techno,darkcore edm
ballet,comédie-ballet
hip hop,jersey club rap
grindcore,noisegrind
jazz,kréyol djaz
metalcore,downtempo deathcore
funk brasileiro,eletrofunk
plainchant,gallican chant
forró eletrônico,forró de favela
funk brasileiro,beat bolha
psychedelic folk,udigrudi
children's music,lullaby
funk brasileiro,beat fino
hip hop,jerk
mantra,tibetan buddhist chant
cubatón,reparto
gregorian chant,sarum chant
folk,baguala
vaporwave,vapornoise
trap,new jazz
chazzanut,ashkenazi cantorial music
western classical,fugue
heavy metal,us power metal
funk mandelão,brazilian phonk
carnatic classical,konnakol
poetry,ngâm thơ
hindustani classical,tarana
hip hop,philly club rap
electronic,graphical sound
trap,rage
hardcore techno,amigacore
garage rock,frat rock
folk,ländlermusik
javanese gamelan,gamelan surakarta
edm,hypertechno
house,stutter house
r&b,beach music
bluegrass,traditional bluegrass
black metal,dissonant black metal
drill,new york drill
new york drill,sexy drill
new york drill,sample drill
gospel,urban contemporary gospel
brass band,dechovka
funk brasileiro,trapfunk
chanson française,chanson québécoise
waltz,vals venezolano
church music,russian orthodox liturgical music
russian orthodox liturgical music,kyivan chant
russian orthodox liturgical music,znamenny chant
byzantine chant,sticheron
byzantine chant,troparion
byzantine chant,kontakion
marching band,drum and bugle corps
funk mandelão,ritmada
go-go,bounce beat
hindustani classical,klasik
maloya,maloya électronique
house,jazz house
western classical,capriccio
muzika mizrahit,muzikat dika'on
marching band,guggenmusik
western classical,canzona
soul,progressive soul
breakbeat,funky breaks
c-pop,gufeng
western classical,impromptu
frevo,frevo de rua
frevo,frevo de bloco
cumbia peruana,cumbia amazónica
western classical,bagatelle
marching band,beni
frevo,frevo-canção
western classical,character piece
edm,post-dubstep
western classical,theme and variations
chinese classical,nanguan
cumbia sonidera,cumbia rebajada
glam metal,sleaze rock
poetry,punk poetry
speech,sermon
noise rock,pigfuck
electronic,krushclub
poetry,kakawin
gangsta rap,scam rap
regional mexicano,grupera
modern hardtek,pumpcore
lullaby,batonebi songs
batonebi songs,iavnana
sound collage,spamwave
hands up,buchiage trance
folk,scottish country dance music
rock,rock urbano mexicano
gospel,praise break
drill,free car music
chinese opera,kunqu
electro-disco,red disco
dance-punk,dance-punk revival
metalcore,thall
pop,toytown pop
folk,trikitixa
modern classical,process music
sizhu music,jiangnan sizhu
exotica,sitarsploitation
edm,slimepunk
indian pop,bhojpuri pop
cumbia peruana,chicha
frevo,frevo elétrico
twee pop,cuddlecore
plugg,ambient plugg
psychedelic folk,wyrd folk
reggaeton,romantic flow
drill,philly drill
trance,hi-tech full-on
afro house,3-step
western classical,passion setting
garage rock,garage psych
christian rock,xian psych
nature sounds,rain sounds
kwaito,bacardi
minimal drum and bass,microfunk
j-pop,wa euro
psychedelic,psychploitation
edm,melodic bass
pop rap,frat rap
gangsta rap,mafioso rap
minimal drum and bass,autonomic
maddahi,shoor
new beat,hard beat
western classical,english pastoral school
western classical,concertina band
western classical,string quartet
western classical,symphonic mugham
work song,haozi
reggae,deejay
hardstyle,nustyle
country rock,cosmic country
hardstyle,early hardstyle
contemporary folk,loner folk
huayno,chimayche
plugg,terror plugg
pop,electro hop
cumbia,cumbia salvadoreña
drum and bass,deep drum and bass
rock,beat rock
riddim dubstep,liquid riddim
pacific reggae,jawaiian
chamamé,chamamé tropical
bounce,sissy bounce
hardcore techno,frapcore
chinese opera,sichuan opera
hardcore punk,christian hardcore
metalcore,progressive metalcore
central asian throat singing,kai
reggaeton,doble paso
hardcore hip hop,chopper
eurobeat,j-euro
hip hop,stoner rap
polka,chicago polka
dancehall,trap dancehall
ragtime,ragtime song
gangsta rap,coke rap
drum and bass,technoid
city pop,neo-city pop
work song,industrial folk song
polka,eastern-style polka
jazz,sweet jazz
surf,hot rod music
hip hop,houston sound
folk,turkish folk
turkish folk,zeybek
pop,turkish pop
ragtime,classic ragtime
hungarian folk,csárdás
hungarian folk,nóta
folk,hungarian folk
hungarian folk,pásztordal
dark wave,neue deutsche todeskunst
modern classical,neoromanticism
country pop,boyfriend country
funk brasileiro,funk consciente
visual kei,soft visual
sertanejo universitário,agronejo
folk,drinking song
folk,rabbit song
work song,military cadence
industrial rock,machine rock
piyyut,zemirot
uk garage,dark garage
rawstyle,xtra raw
hard rock,rock kapak
séga,traditional séga
traditional séga,séga tambour
spirituals,concert spiritual
jazz,neo-bop
edm,neo rave
hip hop,samba rap
trance,trance 2.0
cueca,cueca brava
avant-garde jazz,free funk
jazz-funk,free funk
synthwave,dreamwave
trance,electro trance
march,música festera
art song,spiritual art song
concert spiritual,spiritual art song
post-hardcore,pop screamo
edm,hardtekk
jazz,paramaribop
chinese classical,yanyue
folk,nepali lok geet
dungeon synth,keller synth
synthwave,outrun
huayno,chuscada
russian orthodox liturgical music,valaam chant
breakbeat hardcore,jungle techno
cumbia peruana,cumbia sureña peruana
cumbia peruana,cumbia norteña peruana
schlager,partyschlager
garage punk,budget rock
progressive house,epic house
edm,toytown techno
hardcore punk,tough guy hardcore
j-core,hard renaissance
ngoma,chakacha
folk punk,rustic stomp
huayno,huayno con arpa
classical crossover,operatic pop
rock kapak,rock jiwang
new beat,skizzo
harsh noise,cut-up noise
medieval lyric poetry,minnesang
cumbia,tecnocumbia
gabber,dutch trancecore
folk,fahrtenlied
reggae,reggae panameño
cumbia,cachaca
cumbia peruana,cumbia sanjuanera
medieval lyric poetry,troubadour song
post-hardcore,progressive post-hardcore
progressive post-hardcore,swancore
